"0xF97c707024ef0DD3E77a0824555a46B622bfB500","0.2.15"
"0x960ea3e3C7FB317332d990873d354E18d7645590","0.2.15"
"0x48A68C5511DfC355007b7B794890F26653A7bF93","0.2.15"
"0x8e0B8c8BB9db49a46697F3a5Bb8A308e744821D2","0.2.15"
"0xf9b1f177e883b90ffa64e50db29b7f74a17c9161","0.2.15"
"0x54e8A25d0Ac0E4945b697C80b8372445FEA17A62","0.2.15"
"0xd68970e266ce1a015953897c7055a5e0bc657af8","0.2.15"
"0x0100fBf414071977B19fC38e6fc7c32FE444F5C9","0.2.15"
"0x7DA64233Fefb352f8F501B357c018158ED8aA455","0.2.15"
"0xe381C25de995d62b453aF8B931aAc84fcCaa7A62","0.2.15"
"0xc379bA7b8e1c6C48D64e1cf9dD602C97c9fD0F40","0.2.15"
"0xAAe75FAebCae43b9d541Fd875622BE48D9B4f5D0","0.2.15"
"0x8866414733F22295b7563f9C5299715D2D76CAf4","0.2.15"
"0x8d53e5de033078367ad91527c53abfd1eb6bfa86","0.2.15"
"0x2ac56cebc2d27c9bb51a11773355e44371eb88d3","0.2.15"
"0x89287c32c2cac1c76227f6d300b2dbbab6b75c08","0.2.15"
"0x06e3c4da96fd076b97b7ca3ae23527314b6140df","0.2.15"
"0x98F6eDF7A9f2F9D1E9E5e8B04747C910683e14fC","0.2.15"
"0x603c5919FCFB13423b963b04D55d1b393da88A7e","0.2.15"
"0x3A8609840b47E8Bd4fc0108e2CDcD88aE30C4FF2","0.2.15"
"0x6b5f15E939C8d797E6bd8D5fFda24eDeC655D08d","0.2.15"
"0x6A0E5dD021dB29B5869630c4cBCb5B6E7A7b3ed6","0.2.15"
"0xb1A76e5454E4aF0C4F8f7b071df14a3B4011e8AF","0.2.15"
"0xB9B4E69925BcDF4FF0CB3805cfcf477bBC5D3Ef8","0.2.15"
"0x5835d6a367ded86dbc33ce796ed5013488d205c0","0.2.15"
"0x5BA443267c09578bfd87e033a401F69d37Fe677e","0.2.15"
"0x2F0AF8eC2f5893392843a0F647A30A141dba9DaF","0.2.15"
"0x3E01dD8a5E1fb3481F0F589056b428Fc308AF0Fb","0.2.16"
"0x16a7da911a4dd1d83f3ff066fe28f3c792c50d90","0.2.16"
"0xFf17560d746F85674FE7629cE986E949602EF948","0.2.16"
"0x445fe580ef8d70ff569ab36e80c647af338db351","0.2.16"
"0x78cf256256c8089d68cde634cf7cdefb39286470","0.2.16"
"0xb17b674d9c5cb2e441f8e196a2f048a81355d031","0.2.16"
"0x64448B78561690B70E17CBE8029a3e5c1bB7136e","0.2.16"
"0x09672362833d8f703d5395ef3252d4bfa51c15ca","0.2.16"
"0xbe175115bf33e12348ff77ccfee4726866a0fbd5","0.2.16"
"0x094d12e5b541784701FD8d65F11fc0598FBC6332","0.2.16"
"0xF1f85a74AD6c64315F85af52d3d46bF715236ADc","0.2.16"
"0x803A2B40c5a9BB2B86DD630B274Fa2A9202874C2","0.2.16"
"0x7544Fe3d184b6B55D6B36c3FCA1157eE0Ba30287","0.2.16"
"0x2C2FC48c3404a70F2d33290d5820Edf49CBf74a5","0.2.16"
"0xB93427b83573C8F27a08A909045c3e809610411a","0.2.16"
"0xb61915609e6dc7a7261b678073c53bac5875a8b4","0.2.16"
"0x58AC91f5BE7dC0c35b24B96B19BAc55FBB8E705e","0.2.16"
"0xe81fd007f25c43a2bd6233bc2848cd8b0df46fae","0.2.16"
"0x7d28ef69bd63557ef61e96404f27cadd6c2832fd","0.2.16"
"0xDbcD16e622c95AcB2650b38eC799f76BFC557a0b","0.2.16"
"0xcd6997334867728ba14d7922f72c893fcee70e84","0.2.16"
"0x4ace4b3eb96bd7b3136ab7e14f070717a8137be8","0.2.16"
"0x42f9c4263c39e0e67753b3862c548d91f8e33e6c","0.2.16"
"0x3fdb3bd1ab409f0cbb2c4d919b2205ac881b99ed","0.2.16"
"0x6baaaeff630ef63c5b70d15fae6cd2fb03f2277c","0.2.16"
"0x940d5BA831b9EFeAA612cca9568A04eF3e5690Dd","0.2.4"
"0xb94f5916611df8a01c2804938ee17e291dbeaf81","0.2.4"
"0xc65d94B999Cbbabac135d977437d4E600cBec777","0.2.4"
"0x0000000022D53366457F9d5E68Ec105046FC4383","0.2.7"
"0xc15ddd98341346a2d2c9bf0187f56666247df4c6","0.2.7"
"0x2b7aa8bdc40b6d3d19d0de7480c4db8d5b6495e2","0.2.7"
"0x39Eb2A5196a00186D15c28E9fe35A36fD1e6f06c","0.2.8"
"0xcc8ce2b614bd8ea850908dcf58c35787dd784ffc","0.2.8"
"0xee3d35f930d0e8c7c3c28b72fd3c650bdb2f9fd3","0.2.8"
"0x21EF363e4718CF77e095a2BdF052f0DC38091200","0.2.8"
"0xA827a652Ead76c6B0b3D19dba05452E06e25c27e","0.3.0"
"0x3dFe1324A0ee9d86337d06aEB829dEb4528DB9CA","0.3.0"
"0x25e2e8d104BC1A70492e2BE32dA7c1f8367F9d2c","0.3.0"
"0x9cA6c4Bcfdf5580eA5e1e57aF4F921ad838b8316","0.3.0"
"0x61e10659fe3aa93d036d099405224e4ac24996d0","0.3.0"
"0x316d06Dd6644AD630C73cD3A6a2c7AE0D22f939e","0.3.0"
"0xaf506be344ce8f2739e294a2a6446a66c0cfedfe","0.3.0"
"0x69f36f4486168d8eebd472375588e88b702f5344","0.3.0"
"0x2Ac51A7bC5E41cc35a1ce107E39847Ce00c20161","0.3.0"
"0x6bd7b7fe7f0dbec2f5f041c12b7047aacfccd62e","0.3.0"
"0x085B73b3BF131C6F33D90901c99a50c18C548f16","0.3.0"
"0x55858adabb9ea24ddd0678db0e9b41d8bd48e7ee","0.3.0"
"0xecb456ea5365865ebab8a2661b0c503410e9b347","0.3.0"
"0xd4F94D0aaa640BBb72b5EEc2D85F6D114D81a88E","0.3.0"
"0x0E9fBb167DF83EdE3240D6a5fa5d40c6C6851e15","0.3.0"
"0xf085a237aad38fcd81a45503d5eac353b1d03c12","0.3.0"
"0x6a2691068c7cbda03292ba0f9c77a25f658baef5","0.3.0"
"0xb7de33440b7171159a9718cbe748086cecdd9685","0.3.0"
"0xabC000d88f23Bb45525E447528DBF656A9D55bf5","0.3.1"
"0x13FC868d6571b8A9371e70c4E404342Deec0F2AC","0.3.1"
"0x44c7a35Ecb0Cf37A3d6FB38b4085D9328658E01d","0.3.1"
"0x4fF64E74b276e287208edea1C2756003a75D6eBE","0.3.1"
"0xe35a879e5efb4f1bb7f70dcf3250f2e19f096bd8","0.3.1"
"0x5bca7ddf1bcccb2ee8e46c56bfc9d3cdc77262bc","0.3.1"
"0x13dff1809d1e9ddf9ac901f47817b7f45220a846","0.3.1"
"0xe5de15a9c9bbedb4f5ec13b131e61245f2983a69","0.3.1"
"0x3d8eadb739d1ef95dd53d718e4810721837c69c1","0.3.1"
"0x41B953164995c11C81DA73D212ED8Af25741b7Ac","0.3.1"
"0xD7FAD3bd59D6477cbe1BE7f646F7f1BA25b230f8","0.3.1"
"0x28987563F563d2abcB6d74cdF37BDFB5F566Ea79","0.3.1"
"0x3895064FD74a86542206C4c39eb1bf14BB9aF9a6","0.3.1"
"0xd78FC1F568411Aa87a8D7C4CDe638cde6E597a46","0.3.1"
"0x8DEb66a4A40E370355bEe35f12E55Fe9c755d686","0.3.1"
"0x3edE9b145F82e9e46C03f8A8F67B77aEE847b632","0.3.1"
"0x7eBB8399768047AF810C3FD965Ce21fB2aE4F15F","0.3.1"
"0xa7af63b5154eb5d6fb50a6d70d5c229e5f030ab2","0.3.1"
"0x3CcD107D72bc855D591df92D3b7C7E4E75F0957C","0.3.1"
"0x6eB2dc694eB516B16Dc9FBc678C60052BbdD7d80","0.3.1"
"0x442bc791338d137d4cc2496dea78c8292f17c48f","0.3.1"
"0x19a5ec09ee74f64573ac53f48a48616ce943c047","0.3.1"
"0xd754492dc12fdea93c49e88c0437ace2e7cd1c14","0.3.1"
"0xEfadDdE5B43917CcC738AdE6962295A0B343f7CE","0.3.1"
"0x69522fb5337663d3B4dFB0030b881c1A750Adb4f","0.3.1"