0x7f90122bf0700f9e7e1f688fe926940e8839f353,0.2.15
0x697434ca761d4f86b553784b69f4f37f5edf54df,0.2.15
0xbdff0c27dd073c119ebcb1299a68a6a92ae607f0,0.2.15
0x64448B78561690B70E17CBE8029a3e5c1bB7136e,0.2.15
0x09672362833d8f703D5395ef3252D4Bfa51c15ca,0.2.15
0x1de7f0866e2c4adAC7b457c58Cc25c8688CDa1f2,0.2.15
0x094d12e5b541784701FD8d65F11fc0598FBC6332,0.2.15
0xf1f85a74ad6c64315f85af52d3d46bf715236adc,0.2.15
0xaa82ca713d94bba7a89ceab55314f9effeddc78c,0.2.15
0x7544Fe3d184b6B55D6B36c3FCA1157eE0Ba30287,0.2.15
0x7d86446ddb609ed0f5f8684acf30380a356b2b4c,0.2.15
0x0eb0F1FaF5F509Ac53fA224477509EAD167cf410,0.2.15
0xCE94D3E5b0D80565D7B713A687b39a3Dc81780BA,0.2.15
0xB755B949C126C04e0348DD881a5cF55d424742B2,0.2.15
0x3Fd1A0ae6a996b8f972f0089A4820f05c611Ec17,0.2.15
0x58e57cA18B7A47112b877E31929798Cd3D703b0f,0.2.15
0x1daB6560494B04473A0BE3E7D83CF3Fdf3a51828,0.2.15
0x06Ce8086965234400FDecAb190B115C2C0717047,0.2.15
0x748Fa60DcB9Cb89Ced55C6C8b5AA4D722EEbe47c,0.2.15
0x16a7da911a4dd1d83f3ff066fe28f3c792c50d90,0.2.16
0xb17b674D9c5CB2e441F8e196a2f048A81355d031,0.2.16
0x9cf512116fb29ec1dd3798e6ea9a7cd9d18bbed1,0.2.16
0xa237034249290de2b07988ac64b96f22c0e76fe0,0.2.16
0xc50c05ca1f8c2346664bd0d4a1eb6ac1da38414f,0.2.16
0x505c34ed8dbe96d2d5c7d83158aa844887770970,0.2.16
0xEeB3DDBcc4174e0b3fd1C13aD462b95D11Ef42C3,0.2.16
0x001E3BA199B4FF4B5B6e97aCD96daFC0E2e4156e,0.2.16
0x82Dd9Bd4a7879e9bF2aC657c5594eA8AaB9E48dE,0.2.16
0x360B211B697d8195E08Bb1c6f6B6C6eC1abBE253,0.2.16
0x64992a7d9213ff35a20e886b22611d71624dd64a,0.2.16
0xB93427b83573C8F27a08A909045c3e809610411a,0.2.16
0x5be26703a658c332ce612eae3a497059da98394a,0.2.16
0x3ddEBB234AC468FCE2940b3F27009e8Caa8a283a,0.2.16
0xE3d576412D73a0501a3179349f651ABD5959829E,0.2.16
0x709C86B7AB740a567feC23e8106AA9A99cdA12b8,0.2.16
0xB324dc1780c0A2e8D84eD40B95aAdf4693bc6C75,0.3.0
0xcF897d9C8F9174F08f30084220683948B105D1B1,0.3.0
0x2c2fc48c3404a70f2d33290d5820edf49cbf74a5,0.3.0
0x8038c01a0390a8c547446a0b2c18fc9aefecc10c,0.3.0
0x61e10659fe3aa93d036d099405224e4ac24996d0,0.3.0
0x1f8ff76948098AEFAeDb8DA59F83Fc66B3756787,0.3.0
0xa464e6dcda8ac41e03616f95f4bc98a13b8922dc,0.3.0
0xefe30d76d7f27518dcb7cf1b352621c3b84d62e8,0.3.0
0x06534b0BF7Ff378F162d4F348390BDA53b15fA35,0.3.0
0xc4b1b4d9a7ef38263b34ac1e20fe9819f06e7e11,0.3.0
0x90f421832199e93d01b64DaF378b183809EB0988,0.3.0
0xE6358f6a45B502477e83CC1CDa759f540E4459ee,0.3.0
0xb7de33440b7171159a9718cbe748086cecdd9685,0.3.0
0x1734EC6c441e5E2a18E00831332A0882872Ae436,0.3.0
0xF77600F3d62Baa1AC6599c7f30C035298DC4136c,0.3.0
0x4ac0f793c37c2e099f5cffba7702b2dcfed5cbf8,0.3.0
