"0x5277A0226d10392295E8D383E9724D6E416d6e6C","0.2.16"
"0x1bc2dbb8c4d04aacf4a7fefcdb060766964b5237","0.2.7"
"0xeF4788e8C79c5B2dc1d70484C86161102879b0cc","0.2.7"
"0x0000000022D53366457F9d5E68Ec105046FC4383","0.2.7"
"0x0a3ac12422c95f84b5bd18a6d9904d132a161c68","0.2.8"
"0xfEE7166C32Bdf6356Ef60636f43400AA55551A96","0.3.1"
"0x183Bb362aAa53f24BDF76a5E0FE11eEEce21F44d","0.3.1"
"0x469CF0874E62cfbaD342AE7e11aBCfC0F08dC17d","0.3.1"
"0xe5ddcc991c29d3a5350e1eb669439f0237db7490","0.3.1"
"0xBcdCADB91446366d10b293152c967e64dE789B92","0.3.1"
"0x9Adb8f6B5c4A6Be6625E46e2fd352B859B4bf711","0.3.1"
"0x15Eb833Fa0689458Dc7B11517932780DfdFaa046","0.3.1"
"0xa72F339708461537223Bc415008eD61338Fe0CA2","0.3.1"
"0x59395Ef4FB6F266F7B117CF0a7223eC45d78A2AF","0.3.1"
"0x3730D8B82BF3fF6Cc6dFDBe2Fd7B2A655e74eAae","0.3.1"
"0x0f5390ab4c5456a769056c96e4d7c71770b52319","0.3.1"
"0xA73b02a97B45604cd9f0BBAA153eCfe01f409350","0.3.1"
"0x56bc95ded2bef162131905dfd600f2b9f1b380a4","0.3.1"
"0xabC000d88f23Bb45525E447528DBF656A9D55bf5","0.3.1"
"0x9336DA074c4f585a8B59A8C2B77a32b630cde5A1","0.3.1"
"0xEfadDdE5B43917CcC738AdE6962295A0B343f7CE","0.3.1"
"0x69522fb5337663d3B4dFB0030b881c1A750Adb4f","0.3.1"
