0x24D937143d3F5cF04c72bA112735151A8CAE2262,0.2.15
0x6875ce8f1edd02665b72accf8a152c5a5134914f,0.2.15
0xE5576eB1dD4aA524D67Cf9a32C8742540252b6F4,0.2.15
0xdbBCE2AbAdAd2717d269DBB0940e782740A150e9,0.2.15
0xe5c73653bd6b80eeccec1bcd2e6d6281232c62f9,0.2.15
0xc620aaFD6Caa3Cb7566e54176dD2ED1A81d05655,0.2.15
0xd8b712d29381748dB89c36BCa0138d7c75866ddF,0.2.15
0x8E0c00ed546602fD9927DF742bbAbF726D5B0d16,0.2.15
0xdD4C0521AA148fb704f12330C4fa16E631a26d96,0.2.15
0xf5436129cf9d8fa2a1cb6e591347155276550635,0.2.15
0x6326DEbBAa15bCFE603d831e7D75f4fc10d9B43E,0.2.15
0x4A4d7868390EF5CaC51cDA262888f34bD3025C3F,0.2.15
0x3c856adf10c12071c2213715e53dbb06a3b333b3,0.2.15
0x50b085f2e5958C4A87baf93A8AB79F6bec068494,0.2.15
0x8c1aB78601c259E1B43F19816923609dC7d7de9B,0.2.15
0x5ae854b098727a9f1603a1e21c50d52dc834d846,0.2.15
0xE5F4b89E0A16578B3e0e7581327BDb4C712E44De,0.2.15
0x5Bd47eA4494e0F8DE6e3Ca10F1c05F55b72466B8,0.2.15
0xaC69078141f76A1e257Ee889920d02Cc547d632f,0.2.15
0xd35B58386705CE75CE6d09842E38E9BE9CDe5bF6,0.2.15
0x675eC042325535F6e176638Dd2d4994F645502B9,0.2.15
0x88855cdF2b0A8413D470B86952E726684de915be,0.2.15
0xaD4753D045D3Aed5C1a6606dFb6a7D7AD67C1Ad7,0.2.15
0xBb1CB94F14881DDa38793d7F6F99d96Db0594051,0.2.15
0x213be373FDff327658139C7df330817DAD2d5bBE,0.2.15
0x074306BC6a6Fc1bD02B425dd41D742ADf36Ca9C6,0.2.15
0x55aa9bf126bcabf0bdc17fa9e39ec9239e1ce7a9,0.2.15
0xC6A8466d128Fbfd34AdA64a9FFFce325D57C9a52,0.2.15
0xc2708a3a4ba7f64bddc1a49f92f941bc77cad23a,0.2.15
0x528bAca578523855a64eE9C276826f934c86a54c,0.2.15
0xc4C78b08fA0c3d0a312605634461A88184Ecd630,0.2.15
0x2fc52c61fb0c03489649311989ce2689d93dc1a2,0.2.15
0xb9fc157394af804a3578134a6585c0dc9cc990d4,0.2.15
0xe6b5240efacbd57c4235c044c3a1211c58061a4e,0.2.15
0x9B52F13DF69D79Ec5aAB6D1aCe3157d29B409cC3,0.2.15
0x7b3c6c6fe3d8767049b514dc7f7c80d8721ab21c,0.2.15
0x6c395dfdac7114df5a6db8f5628d5f9a8f212053,0.2.15
0x6a1302Ed64EA19Bdc0A08882cE8acA669DDC26A3,0.2.15
0x607B34b17f32C96b006913ee93Af8055983BC8E8,0.2.15
0x18931772Adb90e7f214B6CbC78DdD6E0F090D4B1,0.2.15
0xAEc7CF7F691e0D9e394668280A9a6D86E9F8cB30,0.2.15
0x977507e3b4A63bCE87A777e7602949480631bE67,0.2.15
0x28134A375402401942cA86fE4d3C3CD4565d720f,0.2.15
0xa9d61326709b5c2d5897e0753998dff7f1e974fe,0.2.15
0xa70B9cce443550596B561E94dDE95458615C7894,0.2.15
0xf29Ce7564aeb3996AE170fE8362A4aa92d408d6D,0.2.15
0xd30dd0b919cb4012b3add78f6dcb6eb7ef225ac8,0.2.15
0x9F4ba86993E5B61c878F87Ba4Fc1C50F7bf87f49,0.2.15
0xf969e3e9584a88deD002EcFdE8Dd79119e62c42e,0.2.15
0x036DD629f66D20b311B082599FCff99DE3D7d9f6,0.2.15
0x51669dd283120969b6E4c0798E065d433145def2,0.2.15
0xb913090f0fcc2473dfcceaf41653a806bcb85fab,0.2.15
0xe05ae4a54350887f7cd910d8660cfa4a78ab6b03,0.2.15
0x0f7cd0e51ec3a904cee55098f68ea0c1cb2596dc,0.2.15
0x260e4fbb13dd91e187ae992c3435d0cf97172316,0.2.15
0x3459cfCe9c0306EB1D5D0e2b78144C9FBD94c87B,0.2.15
0x2127c8ff8467b1A368b85949C8490A400c8Ad339,0.2.15
0x48DdD27a4d54CD3e8c34F34F7e66e998442DBcE3,0.2.15
0x8B9a81B66131A62aEF5f229d218EE22b42E92aC2,0.2.15
0x98182BF525A4252C436ac349a4b79c7E6cd0EB7A,0.2.15
0x9B21EB2E30D8320c3c1b8d8465284D78E58cB971,0.2.15
0xe32421a4E0544F7a25f006901167CF2310d3b86f,0.2.15
0xA2e6125b60f30bEF0AF3dB1FaBFe2fe4359e26b6,0.2.15
0x4486835e0c567a320c0636d8f6e6e6679a46a271,0.2.15
0xd4409B8D17d5d49a7ed9Ae734B0E8EdBa29b9FFA,0.2.15
0xfbbfa5fd64246046e683c423aa2ab0470fbd328d,0.2.15
0x7ea7174dD0CB4Ab84f42177F01e9a8a79475d381,0.2.15
0x7859f9187837f99fc4a75f86b2afe61314f21ee4,0.2.15
0x0ea89fb2e5b8fa8f14b741ffe1a4617a32611dfc,0.2.15
0xc29C28132a5b84d38d17660F0580Aa6AdDB5a837,0.2.15
0xD96877ce3771c0504F0643A98F7646CE2226543f,0.2.15
0x662C3225A9BEDb594b0A3A80B322f816ee29E423,0.2.15
0xb3c68d69E95B095ab4b33B4cB67dBc0fbF3Edf56,0.2.15
0xd5794ea7b269dB3a0CCB396774Cc2D0936FFBD86,0.2.15
0x9accb7983afcec1890377f625482a8c8958f24ba,0.2.15
0x6d693c7e283a149195b1bdbda78780c7520f9505,0.2.15
0x76c6f14efdf3c755308a14db2ce22e309297ba45,0.2.15
0x59e132164Ec2e48b0714EB6abdb10225Df44dA0e,0.2.15
0x6523Ac15EC152Cb70a334230F6c5d62C5Bd963f1,0.2.15
0xb4EB45443D525149410Ee69400c0956A7e89b82e,0.2.15
0xA2d40Edbf76C6C0701BA8899e2d059798eBa628e,0.2.16
0x2717c6A0029d63E90eB12283507E06BF77A9754d,0.2.16
0x1a2ca821fbad93a2fbda648e1cf4531796c797fa,0.2.16
0x08780fb7E580e492c1935bEe4fA5920b94AA95Da,0.2.16
0xa886583c4e4a9878ecd649924c32a64f2e92c4e0,0.2.16
0xfA9a30350048B2BF66865ee20363067c66f67e58,0.2.16
0x40fd58d44cfe63e8517c9bb3ac98676838ea56a8,0.2.16
0xeCebb5b9Ebc11025493f9339f53d1Ffb11E28825,0.2.16
0xecaaecd9d2193900b424774133b1f51ae0f29d9e,0.2.16
0xefD2fCa091e4bA762A7dd7f0F3FBEF8075A7ca12,0.2.16
0x6F18d91b2c3e2F4E7B9C6DeCEd5537863aE43F7e,0.2.16
0x8ea26a2bc101bd2fe386b495bde3cfe76164ed1e,0.2.16
0x360a2cd32a4a3f5b14b0c66dd42a0e5d2b89ec7f,0.2.16
0xde14B4a4A83dB5e506A62f06079ED3E85862A06B,0.2.16
0x9044E12fB1732f88ed0c93cfa5E9bB9bD2990cE5,0.2.16
0x4fd86ce7ecea88f7e0aa78dc12625996fb3a04bc,0.2.16
0xE8b2989276E2Ca8FDEA2268E3551b2b4B2418950,0.2.16
0xB93427b83573C8F27a08A909045c3e809610411a,0.2.16
0xb61915609e6dc7a7261b678073c53bac5875a8b4,0.2.16
0x34040422c388d9a92f911f8219681badf2899d66,0.2.16
0x21DF8D26bEca67D1f731fa4516b8759dE3A02ef0,0.2.16
0x5b8c598ef69e8eb97eb55b339a45dcf7bdc5c3a3,0.2.16
0x96b1be20543f0df56d731328b23a7aa06d038a12,0.2.16
0x4DCb5571024D14f017b99a7D3CEDEf670d4718C4,0.2.16
0x6adb68d8c15954ad673d8f129857b34dc2f08bf2,0.2.16
0x8fb539BF3bd39487525A0A1A8960dcF240d8abF4,0.2.16
0x21b815F51bba58333114D088C65720DFD4428B2A,0.2.16
0xf2cde8c47c20acbffc598217ad5fe6db9e00b163,0.2.16
0xaB080A16007DC2E34b99F269a0217B4e96f88813,0.2.16
0xae0ec84d1b55fcf7b1902d864f1796bffaff4f95,0.2.16
0xaba04e7fe37fc3808d601de4d65690e2889d7621,0.2.16
0xd2a7907aa30ceab962eaf98bc7cdc57e2570a498,0.2.16
0x354743132e75E417344BcfDDed6a045140556414,0.2.16
0x74024f9b3d075a5d339dd3b80e2e218ec71de0b9,0.2.16
0x466c8fa3a6cd4625517594786013262a6abd3f96,0.2.16
0xaafdef93fc09316b7cbadf96e7ce12ce9aff7af0,0.2.16
0x98d3872b4025ABE58C4667216047Fe549378d90f,0.2.16
0x3dc56d46f0bd13655efb29594a2e44534c453bf9,0.2.16
0xe09e56c778d24859aa12a731c430921ed811d38a,0.2.16
0xbcbba9f1b479ac12087da21721ac9df22b924535,0.2.16
0x7C24Be3Fc9A03BDAf87ffC15ec7860065b9da06D,0.2.16
0x12A8865194a29571958711764F8fAAcd568E20fa,0.2.16
0x7F82ff050128e29Fd89D85d01b93246F744E62A0,0.2.16
0x9aD7e7b0877582E14c17702EecF49018DD6f2367,0.2.16
0x86d62a8ad19998e315e6242b63eb73f391d4674b,0.2.16
0xbba4b444fd10302251d9f5797e763b0d912286a1,0.2.16
0xA79e803FffE9DA37477ddaFD7C6F3dbDCa1C566C,0.2.16
0x93c951d3281cc79e9fe1b1c87e50693d202f4c17,0.2.16
0x52701bFA0599db6db2b2476075D9a2f4Cb77DAe3,0.2.16
0x67a7a60ff1dc6a3a6e554b4d9e876d10b84c07c3,0.2.2
0xa11bf23a1539901328add00697075441335a3de9,0.2.2
0xc3a1fc184f159574628d06a883676a38710ebb8d,0.2.2
0xe4bfd1b1114c1f5f26257df9b74bd2e5cbbd6657,0.2.2
0x7bf0cbb1d75d908ebb70d81266d421ba1706af5e,0.2.2
0x1ddBB7A21905c6A8DBd76B20B7c6B3A55d1Af24f,0.2.3
0xFE83DC9Fc5490C8d778331798c6cecEB1707d0dD,0.2.3
0xC7dF1DdFe170c786FB85C669048c07259fc31CA7,0.2.3
0xd17347FF4d935d17caeA214661981f6E7919577f,0.2.3
0x11C90C7BD7CD52E50247571371bdF976482974bC,0.2.3
0x6e7002fb0fA3892b52BDbcF13E77A18FcB5566CE,0.2.3
0x01d837dbAd722eadc139A760e9192383acc803FB,0.2.3
0x68c19DCa7Fb7e42DB61c0193d837F3d9C1645212,0.2.3
0x8ec9915Dcc3E4114c868B8B5b22d6C8705C24010,0.2.3
0x5ed32692c46EE36f936a363451A3397d3B51838d,0.2.3
0xfC98090Aa5833bD553632fcad2294f749f468e67,0.2.3
0xBE66A7Fa1D8fCb3DA2eE721829234174D974f092,0.2.3
0x80900735011E3c8bb27c194948481D80aDEe2cEe,0.2.3
0x78e307f6e8584daa0d85add918c0e3e4dd469a9c,0.2.4
0x0101123614A13b0e1A8C0973dCaE0735696aAbd0,0.2.4
0xd626c03cae9696e702828c0ed4deed5c33d30dd7,0.2.4
0x3f559bcd8e69b35e23e62446b13f6a53e795fdac,0.2.4
0x3986425b96f11972d31c78ff340908832c5c0043,0.2.4
0x77edabc03ac76895474163bd6fa2eed78f1c6cee,0.2.4
0x61ab5c7e3c467216caa3a1d93a573605c692469c,0.2.4
0xA891CF72AEDa692570928eFe1A832342e9783CDC,0.2.4
0xc317d9398520b85141f2DaFD2F48B070bD7a5047,0.2.4
0xdc7e9e31506d3910000a3c67132a0caf7ad6f503,0.2.4
0x8Bf70DFE40F07a5ab715F7e888478d9D3680a2B6,0.2.4
0x66a6a3c183ee40c2ed78195bbe7f7d03f3b6afbd,0.2.4
0x58807E624b9953C2279E0eFae5EDcf9C7DA08c7B,0.2.4
0xd4cf15b79f4b17db82b4ebea3fc8051fab25aa75,0.2.4
0xb19059ebb43466C323583928285a49f558E572Fd,0.2.4
0x4CA9b3063Ec5866A4B82E437059D2C43d1be596F,0.2.4
0x3921574e4146fc09701a1b24cfb0f9906e8fee92,0.2.4
0xf0f745c81e4533c697cf0104c5efdcbf84359542,0.2.4
0xc2ea7878ac0a32d2860e8200892db875a1bc1a7e,0.2.4
0x6a816cee105a9409d8df0a83d8eeaed9eb4309fe,0.2.4
0xeae6ec0fc598d3d78baa8b13e5b04a84a3abd98d,0.2.4
0x399a1d07237a7023fb48b98d5ff9ec7dc0051f18,0.2.4
0xc342053456FA9eE203c86E98F461d38caee9F7a1,0.2.4
0x89d62f7ce4228c350255a7fe936db8449c99a979,0.2.4
0x87b132af10d6c7237b2cf51b207f7777e901b770,0.2.4
0x2021a9990640c8ff8fccb553648571d525b53a6e,0.2.4
0x8400c1ba45cb8fa4be226fee7d6c5a981eb91d8c,0.2.4
0x5F07257145fDd889c6E318F99828E68A449A5c7A,0.2.4
0xD533a949740bb3306d119CC777fa900bA034cd52,0.2.4
0x5f3b5dfeb7b28cdbd7faba78963ee202a494e2a2,0.2.4
0x2f50d538606fa9edd2b11e2446beb18c9d5846bb,0.2.4
0x6e8f6d1da6232d5e40b0b8758a0145d6c5123eb7,0.2.4
0x64e3c23bfc40722d3b649844055f1d51c1ac041d,0.2.4
0x705350c4bcd35c9441419ddd5d2f097d7a55410f,0.2.4
0xd061D61a4d941c39E5453435B6345Dc261C2fcE0,0.2.4
0x575ccd8e2d300e2377b43478339e364000318e2c,0.2.4
0x41Df5d28C7e801c4df0aB33421E2ed6ce52D2567,0.2.4
0xb8baa0e4287890a5f79863ab62b7f175cecbd433,0.2.4
0xa219008f38a698cc5df6074f0f147a5eab2a2ebe,0.2.4
0xb4d0c929cd3a1fbdc6d57e7d3315cf0c4d6b4bfa,0.2.4
0xe5e7ddadd563018b0e692c1524b60b754fbd7f02,0.2.4
0x0c4d90ca69104b4cb937fb21c8533c29554ae32c,0.2.4
0x77C6E4a580c0dCE4E5c7a17d0bc077188a83A059,0.2.4
0x972cef9a22d23cf34b490d183b7655593e636408,0.2.4
0x6828bcF74279eE32f2723eC536c22c51Eed383C6,0.2.4
0xdbfb227d9902207bc33be168ed0ee64dffe20b73,0.2.4
0x5352efb4bccec5dfbe122864af94c282ea566964,0.2.4
0xb84ceb52c73bfb1cbc417b6c45a496777a57ec92,0.2.4
0xc36df91895309a866cc6dc25606f78a018acad1b,0.2.4
0xca495d024433493c97f8cfa7292dc35f2a9c80c6,0.2.4
0xbEbc44782C7dB0a1A60Cb6fe97d0b483032FF1C7,0.2.4
0xeef220d35890fefd4cb17c76c495449ea68207de,0.2.4
0x5f626c30ec1215f4edcc9982265e8b1f411d1352,0.2.4
0xe81a782e6a7e230dcfa15033d17ce2f73ae8577d,0.2.4
0x5c111d9e0f60f32825fd18431e148949ce8f2217,0.2.4
0xc8ee8017f80bf0dc6f0724cf3712ce483973602a,0.2.4
0x6021d8e7537d68bcec9a438b2c134c24cbcc1ce3,0.2.4
0xb9871cb10738eada636432e86fc0cb920dc3de24,0.2.4
0x2F3f502c5b36888D3e48Af2dCB71A68650b3C520,0.2.4
0xF5a00BeB31A5F0D4BD244FbC9618fd23c919dE30,0.2.4
0x62f02281252417aaae11fafc4b986d42071d1662,0.2.4
0xdc9eff7bb202fd60de3f049c7ec1efb08006261f,0.2.4
0x3521c85c3000bff57eac04489eb05bbd3193a531,0.2.4
0xd97E58C8B5095fCDa4BE955154A4216807e1aDe7,0.2.4
0xa26c06a5a1a0b2d80eb720888f2d8b16260b63b3,0.2.4
0xc5ca1ebf6e912e49a6a70bb0385ea065061a4f09,0.2.4
0xf0c41D52d5697d0557dd2e98fEf8a0C2F189E3C3,0.2.4
0x216eadc43ffe5733953124807a7349a5e12799cb,0.2.4
0x29AdcCF67821E9236b401dF02080BAC67F84192D,0.2.4
0xf7def1d2fbda6b74bee7452fdf7894da9201065d,0.2.4
0xbf4f7b242bd5fca9ea4b69c038aca3d479af8b05,0.2.4
0x2613b68A1614057a36bf2A58143f4e80Aa7480FE,0.2.5
0xe28a41F2DB01F4F47Ade2A512ca149DD9B63cA45,0.2.5
0x7f90122BF0700F9E7e1F688fe926940E8839F353,0.2.5
0x1337BedC9D22ecbe766dF105c9623922A27963EC,0.2.5
0x4dC4A289a8E33600D8bD4cf5F6313E43a37adec7,0.2.5
0xf2bccAB48B4B884D566F28317ae74db58dD7b02c,0.2.5
0xC7059f1017d248c022fA3169459f89C933EE35F6,0.2.5
0x4e6912fa66ef5c22fc9541bfea9603bad360e81c,0.2.5
0x5620d70b98f97ac46f813d3affb5bd661fc038bb,0.2.5
0xe1c214df673a4b1d6f082b0723e02fdd87fbdfce,0.2.5
0x56295b752e632f74a6526988eace33c25c52c623,0.2.5
0x0ead85fef319e00bbebf0875d2ec32806c87a920,0.2.5
0x0f9cb53Ebe405d49A0bbdBD291A65Ff571bC83e1,0.2.5
0xc5cfada84e902ad92dd40194f0883ad49639b023,0.2.5
0x0d51290c9592e30d3ee3c0aef6a45d30125d7e51,0.2.5
0x3ef6a01a0f81d6046290f3e2a8c5b843e738e604,0.2.5
0x3e01dd8a5e1fb3481f0f589056b428fc308af0fb,0.2.5
0x661dbbf6be5f9b1876131cb67a0beb67e783143a,0.2.5
0x3f4232107ff437bcd7ea9abc134ad553efeddaff,0.2.5
0x0aE274c98c0415C0651AF8cF52b010136E4a0082,0.2.5
0x4f062658eaaf2c1ccf8c8e36d6824cdf41167956,0.2.5
0xa464e6dcda8ac41e03616f95f4bc98a13b8922dc,0.2.7
0xecb456ea5365865ebab8a2661b0c503410e9b347,0.2.7
0x874210cf3dc563b98c137927e7c951491a2e9af3,0.2.7
0xe4b65889469ad896e866331f0ab5652c1ecfb3e6,0.2.7
0xefe30d76d7f27518dcb7cf1b352621c3b84d62e8,0.2.7
0x00702bbdead24c40647f235f15971db0867f6bdb,0.2.7
0x55858adabb9ea24ddd0678db0e9b41d8bd48e7ee,0.2.7
0x94c866a48ef49db7bf24207f2752e69ba85f6287,0.2.7
0x20Eb2A369b71C29FC4aFCddBbc1CAB66CCfcB062,0.2.7
0x09007b91e6b7000a19c55209026e3326d90bbd12,0.2.7
0xaa42c0cd9645a58dfeb699ccaefbd30f19b1ff81,0.2.7
0x345a89895C0e63D961d9D5da5E5929cB92B915FF,0.2.7
0xb7Fd36eB847C04A144FAb717e85B94DA1d8c9b4e,0.2.7
0x7ed773ead7114d25ea08906adb40442b08ccf0d0,0.2.7
0x49d3FD9DCE09c7834Bd23b5d7e02FDb18a27dE5B,0.2.7
0xCA6C9fB742071044247298Ea0dBd60b77586e1E8,0.2.7
0xabd040a92d29cdc59837e79651bb2979ea66ce04,0.2.7
0x5c4C3D3516fd7cC144a6F71a280F0Cac082c4475,0.2.7
0x3d3f79aa694fa0bc2a727245f5142ef8b877095f,0.2.7
0xa2b078c8e3bd5ab9aa94222b08223ee07ee348fc,0.2.7
0xbe77b53a165d3109ae9500ebaa9328b577960abf,0.2.7
0xb9d18ab94cf61bb2bcebe6ac8ba8c19ff0cdb0ca,0.2.7
0x4aa261bc595abc6fdef0255c83e2a9305261753f,0.2.7
0xa456b515303B2Ce344E9d2601f91270f8c2Fea5E,0.2.7
0x04fff667b9cb56af6dccc25757b973f6f9fb4cf8,0.2.7
0xd489ac4ccf4440e47f033259606c5ed06e276fda,0.2.7
0xd1602f68cc7c4c7b59d686243ea35a9c73b0c6a2,0.2.7
0x436aD79FAA7A83F2769DeE158E287234BF468091,0.2.7
0x7b9CB3CfEE697Cd1761945e8B42032c8CCe407DA,0.2.7
0x36880a4da4069ccDf6F31e25e7d8Ed64080C9645,0.2.7
0x208EfCD7aad0b5DD49438E0b6A0f38E951A50E5f,0.2.7
0x478A7DA8Da71a4F30bf0Dc262E07e056Ffd9C638,0.2.7
0x2ac2AeF78f52FFCB08181008F1169C045ABdf2F8,0.2.7
0x67438161883F71255Acfbba3C2F1A582780B05CB,0.2.7
0x43277C92F9936aeb5d6A2713a44Cd2f096f171cC,0.2.7
0x0000000022d53366457f9d5e68ec105046fc4383,0.2.7
0xd086C9356A5683192B10d93d4d92D8fCBa705692,0.2.7
0x5d38391c9da9ce9dac1a7b3899e9f40e4d01f68c,0.2.7
0xBf85BbC54E5107B47FE8c7eD8D8D9f4020fe706e,0.2.7
0xcB16133a37Ef19F90C570B426292BDcca185BF47,0.2.7
0x7d86446ddb609ed0f5f8684acf30380a356b2b4c,0.2.7
0xd6a82bc919e4abdc3eb2dc801d40c965dbce5071,0.2.7
0xe64608e223433e8a03a1daaefd8cb638c14b552c,0.2.7
0xd14bbc0083b432cb73cce89b054f4cbba8064ccb,0.2.7
0x8038C01A0390a8c547446a0b2c18fc9aEFEcc10c,0.2.7
0x24a86c6399e07b2c5137960c5819566695ffb0a5,0.2.7
0xa886c732703700efcbd8438768822c8e716cb0ec,0.2.7
0xb32860c72f61db7e3c97a8db688ecf38104c43a7,0.2.7
0xe97a787420eD263583689Bd35B7Db1952A94710d,0.2.7
0xB74C37CA657190c3Ab66F33773751480aF72C8DE,0.2.7
0x683eec240b0619c07ac6f7c67a9affbbc12e6504,0.2.7
0x5249dd8db02eefb08600c4a70110b0f6b9cda3ca,0.2.7
0x64448b78561690b70e17cbe8029a3e5c1bb7136e,0.2.7
0x29893Bcd1fdA6da4f29D0e21edc55Abc3A29A202,0.2.7
0x2832817633520bf0da1b57e2fb7bb2fba95014f9,0.2.7
0xaa82ca713d94bba7a89ceab55314f9effeddc78c,0.2.7
0x64eda51d3Ad40D56b9dFc5554E06F94e1Dd786Fd,0.2.7
0xC25099792E9349C7DD09759744ea681C7de2cb66,0.2.7
0x74Bd76482DC067FB5206499Efe19c16CCa62E9D3,0.2.7
0xCa1daB6bfF7ac6d05e232660084cF85067304DB2,0.2.7
0x4A52d3b860B2D582485Aa5B49AB18f736161653d,0.2.7
0xAd962cA2C019F408aB569fD393fD15D313007Eaa,0.2.7
0x73CF8c5D14Aa0EbC89f18272A568319F5BAB6cBD,0.2.7
0x6ad549B9dD7895f49BA5c1c1f2977EB3dCA315Ef,0.2.7
0xC9Ad6A6Cff8CE2F83505Ae3349EAA5BF21BDd0F5,0.2.7
0x7cc1F66c313E61D44BFc1D5fec3C89C26770E827,0.2.7
0x65BF731ca55aC8880ceE4AF264dA8b37D2Df3579,0.2.7
0xe2f6b9773bf3a015e2aa70741bde1498bdb9425b,0.2.7
0xaac13a116ea7016689993193fce4badc8038136f,0.2.7
0x5B8F5efD2524a0D2DC9d64CE8F53c82cB5656407,0.2.7
0x4De840147DB6d0655917f43dA8a2e86c26AaFB0a,0.2.7
0x2c6c87e7e6195ab7a4f19d3cf31d867580bb2a1b,0.2.7
0x922d3a454e6c09876D8c222D6b22d734f8F778b4,0.2.7
0x7095472d01a964e50349aa12ce4d5263af77e0d7,0.2.7
0x10Dec028dcB909F090C4879f84c3BCfb0356456F,0.2.7
0xa4cb77a9f85e6f7fa2bd26b7b1aa6a8bc244be8d,0.2.7
0x01632e630e79c3dda3a559a21fe3877997d5dc35,0.2.7
0x4353c0E1B3c2640942a3C3d14884401947504017,0.2.8
0xe327518a50651d536d189562641af128afbecf48,0.2.8
0x9E92B01B30004eC224A5F69d3D5EB83876321209,0.2.8
0x753D5167C31fBEB5b49624314d74A957Eb271709,0.2.8
0x1ee5c83c4b43aaed21613d5cc7835d36078ce03f,0.2.8
0xfd6f33a0509ec67defc500755322abd9df1bd5b8,0.2.8
0x2c7796c0590cc100d70af473993890d457cb2ac9,0.2.8
0x6fC92B10f8f3b2247CbAbF5843F9499719b0653C,0.2.8
0xf7139a28f12c3f7ab3e24e6f1ac0c39816d8d9b1,0.2.8
0xb833600aEbcC3FAb87d0116a8b1716f2a335bB95,0.2.8
0x079af5963e1f4af30e89f823db3d108097cd9b67,0.2.8
0xa79828df1850e8a3a3064576f380d90aecdd3359,0.2.8
0x7abdbaf29929e7f8621b757d2a7c04d78d633834,0.2.8
0x9c351cabc5d9e1393678d221f84e6ee3d05c016f,0.2.8
0x233234cca27350479c84d1ff517907697f4d20af,0.2.8
0xF124534bfa6Ac7b89483B401B4115Ec0d27cad6A,0.2.8
0xd7d147c6bb90a718c3de8c0568f9b560c79fa416,0.2.8
0xfef762dfdc87f79879aaef221a6a5d302833fe27,0.2.8
0x99486de830ecfcbc49ff57720620cc6ee9bebc30,0.2.8
0x94f6b0f4a6f201fbf46e22c0569d214528a2dae7,0.2.8
0x88E11412BB21d137C217fd8b73982Dc0ED3665d7,0.2.8
0xb21dc7cd76b514c1833eeb3fe204afc8fe788b1f,0.2.8
0xA9b2F5ce3aAE7374a62313473a74C98baa7fa70E,0.2.8
0x410e3e86ef427e30b9235497143881f717d93c2a,0.2.8
0x071c661b4deefb59e2a3ddb20db036821eee8f4b,0.2.8
0xcb75A1655c84589652D0f3A4605e5dDA8431F0a6,0.2.8
0x37fc70656972cbb0bdfe5144dccb96d79d59c717,0.2.8
0x11759797871e4a1aa5933bc224889d6856d6423d,0.2.8
0x8925d9d9b4569d737a48499def3f67baa5a144b9,0.2.8
0xd788978924Ca6837D614c6806917F8A5Dcc46D45,0.2.8
0x986b4AFF588a109c09B50A03f42E4110E29D353F,0.2.8
0x32fb6b5901fcb16d522a84713750e716ff3f4906,0.2.8
0xe2ba09069D25cE019814Ee5C7f195e60e34702fE,0.2.8
0x3820A21c6D99e57FB6A17ab3fbdBE22552af9Bb0,0.2.8
0x4a7B05aEf57516A0C181d3108437dEC2CD0a6cfd,0.2.8
0xe15461b18ee31b7379019dc523231c57d1cbc18c,0.2.8
0xA96A65c051bF88B4095Ee1f2451C2A9d43F53Ae2,0.2.8
0xaa3e6cd3efaba178ff1ef87c03f85d8d48553572,0.2.8
0x0959158b6040d32d04c301a72cbfd6b39e21c9ae,0.2.8
0x5f890841f657d90e081babdb532a05996af79fe6,0.2.8
0x2f956eee002b0debd468cf2e0490d1aec65e027f,0.2.8
0x8cf8af108b3b46ddc6ad596aebb917e053f0d72b,0.2.8
0xD0ae33eAc1D9A90b9f34135C4CC4D9657f90B0De,0.2.8
0xdfbd4f523dd7532ff8af2430d9be36d8d9421825,0.2.8
0xdebf20617708857ebe4f679508e7b7863a8a8eee,0.2.8
0x4cec571394ee433cd21390286284abecacc0e98f,0.2.8
0x36F7E77A392a7B4a6fCB781aCE715ec2450F3Aca,0.2.8
0x39669BB345cC67aAFcA36f510FFE4467Fe0623c1,0.2.8
0x83f252f036761a1e3d10daca8e16d7b21e3744d7,0.2.8
0x519afb566c05e00cfb9af73496d00217a630e4d5,0.2.8
0x15a2B3CfaFd696e1C783FE99eed168b78a3A371e,0.2.8
0x3a16b6001201577cc67bdd8aae5a105bbb035882,0.2.8
0x02c57fedb33d89e12cf6c482cd2d17481a60e311,0.2.8
0x9c94252273108a9e0c7e4ca92c4a2b58853571aa,0.2.8
0x786b374b5eef874279f4b7b4de16940e57301a58,0.2.8
0xcb550a6d4c8e3517a939bc79d0c7093eb7cf56b5,0.2.8
0xf9fc73496484290142ee856639f69e04465985cd,0.2.8
0xe1ea5d59082bb2165b1bbb93d85492e671fd0969,0.2.8
0xcfbd5a821d5fc6bd311abe584e1455d8552b58c0,0.2.8
0x890f4e345B1dAED0367A877a1612f86A1f86985f,0.2.8
0xf3b64840b39121b40d8685f1576b64c157ce2e24,0.2.8
0x0ce6a5ff5217e38315f87032cf90686c96627caa,0.2.8
0xd16ea3e5681234da84419512eb597362135cd8c9,0.2.8
0xdd0e10857d952c73b2fa39ce86308299df8774b8,0.2.8
0xd1ebef836f25047bb6aac2dcd8618efe2dc17d67,0.2.8
0x1dfeba8cadae7522da47cd1289419e85e82a6c2f,0.2.8
0xabadfd391b3821f3c80d48a59229769d0b677d2e,0.2.8
0x6dc22ca4fdac5dc2fe9fd0936b60054d5ede1186,0.2.8
0x42d7025938bec20b69cbae5a77421082407f053a,0.2.8
0xA522AA47C40F2BAC847cbe4D37455c521E69DEa7,0.2.8
0x67a0213310202DBc2cbE788f4349B72fbA90f9Fa,0.2.8
0x86bb5d880d177a95995aebc74a5b1db2aa39c2ae,0.2.8
0xcEA4FD89AFd94FCf53401c6F70bEDB91B831dFE8,0.2.8
0x0c97b9e8bdec88fe683dd11607f66f351cec6110,0.2.8
0x7c54a4ae0a12aabbc0b9c2776b4e70aa78510120,0.2.8
0x84b6532a366c9ea7000ed618b9e957defc355242,0.2.8
0xc8418aF6358FFddA74e09Ca9CC3Fe03Ca6aDC5b0,0.2.8
0x182b723a58739a9c974cfdb385ceadb237453c28,0.2.8
0x3ac91a7a2d30fa25ada4616d337a28ea988988be,0.2.8
0xdfc7adfa664b08767b735de28f9e84cd30492aee,0.2.8
0xe11ba472f74869176652c35d30db89854b5ae84d,0.2.8
0x9d346289064bdCEDdee6517c5483A3CC22654e4c,0.2.8
0xf178c0b5bb7e7abf4e12a4838c7b7c5ba2c623c0,0.2.8
0x14ae98238a4f86bf39f521d4c9fb9089c6cb550c,0.2.8
0x23d77867c7858fdba67061d8a6821801bdf47c5f,0.2.8
0x20d5d319c2964ecb52e1b006a4c059b7f6d6ad0a,0.2.8
0xff749c50f90658b7f1713fbf048cd5afcdb0c496,0.2.8
0x5c22c615eefbaa896c6e34db8d1e9835ae215832,0.2.8
0x5a27ac363fa02b2c09671e37c6a204d0e83a24be,0.2.8
0x6140182b2536ae7b6cfcfb2d2bab0f6fe0d7b58e,0.2.8
0xc5424b857f758e906013f3555dad202e4bdb4567,0.2.8
0x66b4c0daa0c65ed1eae84b4d738b9572a79389c4,0.2.8
0x2dded6da1bf5dbdf597c45fcfaa3194e53ecfeaf,0.2.8
0x36965b1a6b97c1b33416e5d53fb5621ade1f1e80,0.2.8
0x25bd7ae577eed15bea241b8983c5a386ce24c39f,0.2.8
0x3c0ffff15ea30c35d7a85b85c0782d6c94e1d238,0.2.8
0x17F9F0dAc5066d43d0875Fa08E5757580BBf4C8C,0.2.8
0x82c1cc1685be4825400854ce5b1c7d86da75b7ac,0.2.8
0x92e187a03b6cd19cb6af293ba17f2745fd2357d5,0.2.8
0x58a3c68e2d3aaf316239c003779f71acb870ee47,0.2.8
0x543e7dDfA005966254dD49494c5403B86488506b,0.2.8
0xa7B0C2e904d597b89b4bf91927A3B90459f8bb9E,0.2.8
0xD782EbD4bAbd95c2D8255112eFc6DD865c849394,0.2.8
0xe5826517134241278b6d372d1da9f66d07190612,0.2.8
0x9b762E245aD0C4868BE1Fef9e168BCA39011D5ec,0.2.8
0x16bea2e63adade5984298d53a4d4d9c09e278192,0.2.8
0x2ca788280fb10384946d3ecc838d94deca505cf4,0.2.8
0x6a01bC748d71489372BD8fB743b23F63d99aac85,0.2.8
0x0DB86D2d8707F260d455f63790f5f5E5D828A961,0.2.8
0xfd8a61f94604aed5977b31930b48f1a94ff3a195,0.2.8
0x1bf5457ecaa14ff63cc89efd560e251e814e16ba,0.2.8
0xeb16ae0052ed37f479f7fe63849198df1765a733,0.2.8
0x489F04EEff0ba8441D42736549A1f1d6ccA74775,0.2.8
0xE4c64ba6a65b7915ca34d6Ba7a52D41544069527,0.3.0
0x43fd047f1aac16631919de5d31882dd78c33b016,0.3.0
0x39eac46a11d7f5111652fc9ebdfb5f8e737c2bb5,0.3.0
0xb174dac86da5822f6e1cb9ba945bab0578125c81,0.3.0
0xc64F268BD8075B3222A508d7869E9C600bE7c47F,0.3.0
0xcc71c80d803381fd6ee984faff408f8501db1740,0.3.0
0x9838eCcC42659FA8AA7daF2aD134b53984c9427b,0.3.0
0x98a7F18d4E56Cfe84E3D081B40001B3d5bD3eB8B,0.3.0
0x082a5956d63b44685a7cca89379d565c439fdf3c,0.3.0
0x813AAa4e1AABb852F8FBbE8CAD1C8672Ba9B13e9,0.3.0
0x2bb4a6e10c0fbaacff4f76e9fe029b71092db1bb,0.3.0
0x28542E4AF3De534ca36dAF342febdA541c937C5a,0.3.0
0x8f942c20d02befc377d41445793068908e2250d0,0.3.0
0x440701ca5817b5847438da2ec2ca3b9fdbf37dfa,0.3.0
0x4AacF35761d06Aa7142B9326612A42A2b9170E33,0.3.0
0xaAD072E917D97011EB3D7e7bce953BDE9227c21E,0.3.0
0x1220ccCDc9BBA5CF626a84586C74D6f940932342,0.3.0
0x55c8De1Ac17C1A937293416C9BCe5789CbBf61d1,0.3.0
0x073abff94d27dd6dc1fd699b61f51e9552631c3f,0.3.0
0x5D0F47B32fDd343BfA74cE221808e2abE4A53827,0.3.0
0x01b36Ff7d81b84487d5659c7857cBa8B4BB62cA1,0.3.0
0x3b6831c0077a1e44ED0a21841C3bC4dC11bCE833,0.3.0
0x2f5880e8a1b62e406c7eaef3b9f8a39c4d4e8810,0.3.0
0xf8b8db73db0c3f4ff0d633836e939db23847ca1e,0.3.0
0x2EF1Bc1961d3209E5743C91cd3fBfa0d08656bC3,0.3.0
0x871fbd4e01012e2e8457346059e8c189d664dba4,0.3.0
0xFe625167BD77C6A520e093C4d2d065355a1e2E93,0.3.0
0x62Ae88697782f474B2537B890733CC15d3E01F1d,0.3.0
0x8301AE4fc9c624d1D396cbDAa1ed877821D7C511,0.3.0
0xAbc533EbCDdeD41215C46ee078C5818B5b0A252F,0.3.1
0xB992E8E1943f40f89301aB89A5C254F567aF5b63,0.3.1
0xc08550A4cc5333f40e593eCc4C4724808085D304,0.3.1
0x4aa2afd5616bEEC2321a9EfD7349400d4F18566A,0.3.1
0xa85461AFc2DEEC01bDA23b5cd267d51F765fba10,0.3.1
0xF18056Bbd320E96A48e3Fbf8bC061322531aac99,0.3.1
0x62354aeed9c1b45a8569e2e7a3cfee5ce997acb5,0.3.1
0x7Da932ceA0Da8153d928247350be5d3328eD72a9,0.3.1
0xdc892358d55d5Ae1Ec47a531130D62151EBA36E5,0.3.1
0x953693dcb2e9ddc0c1398c1b540b81b63cea5e16,0.3.1
0xc7A0E3A5952D4e8A45eBf5E7464C8FBc43F7d081,0.3.1
0xb71Cb916c96FC86fa570fFDE974CcA8B8915defe,0.3.1
0xde44d3fb118e0f007f2c0d8fffe98b994383949a,0.3.1
0x81C46fECa27B31F3ADC2b91eE4be9717d1cd3DD7,0.3.1
0x9674126Ff31e5EcE36De0CF03A49351a7C814587,0.3.1
0x98638FAcf9a3865cd033F36548713183f6996122,0.3.1
0x9250efea432379a5565b3df3e36f83d99fa41127,0.3.1
0x33bB0e62d5e8C688E645Dd46DFb48Cd613250067,0.3.1
0x2EB24483Ef551dA247ab87Cf18e1Cc980073032D,0.3.1
0x50161102a240b1456d770Dbb55c76d8dc2D160Aa,0.3.1
0xd2751cdbed54b87777e805be36670d7aeae73bb2,0.3.1
0xd754492dc12fdeA93C49E88C0437aCe2e7Cd1C14,0.3.1
0xEfadDdE5B43917CcC738AdE6962295A0B343f7CE,0.3.1
0x5c93df5d2ed53a34da2525b50de995e43a08dcf9,0.3.1
0x7f3026195d1b689d187d28a182cce16b8becf77f,0.3.1
0x29EC0d55B8F26298a5350C64F56281eB070bf47E,0.3.1
0x10dAd929A9890B32Db9A5d568B5953FCa5826AC8,0.3.1
0xf24a69f260aaea69a1b034e224b1bad6232ef905,0.3.1
0xB9CD9979718e7E4C341D8D99dA3F1290c908FBdd,0.3.1
0xb496ff44746a8693a060fafd984da41b253f6790,0.3.1
0x9b05b035158aef52835a0d2f022c6250d1978b9d,0.3.1
0x02152D5EdcDba56A55EfEe36ceb9D9f7e47aeB5F,0.3.1
0x3abf0BE21E5020007B6e2e201E292a7119bC2b0d,0.3.1
0x0fc959eb8d202036032df8dba4ce391e342a1177,0.3.1
0x4a49de2df7529529b25178cd1e982ab8320a7139,0.3.1
0xb250a90dbf97e76316d3d421eec6b1dddf220bd6,0.3.1
0x5aC53910DEa4779e5aC3a7E997df8e9d5F6a7C9d,0.3.1
0xc8a4b763b85e9919e0bb2c0bacbab6891ad8639a,0.3.1
0x8f4eF8c623C33CDB6A57c19aeCb87e161Fa7691f,0.3.1
0x1bdfFe0EBef3FEAdF2723D3330727D73f538959C,0.3.1
0x9098E25a09EfA247EeD07ced3b46546c5A6e58ad,0.3.1
0xff351A4A9840E3f47F0844DBE93c8e48Bf1439C9,0.3.1
0x9aC7dD81a1A749513E4f953D1C7eB3E237114575,0.3.1
0xabC000d88f23Bb45525E447528DBF656A9D55bf5,0.3.1
0xcB61585C804c1276EFb24d4E1896A82535d3e067,0.3.1
0xcD7dB896aA0712049430D6b927BcB2660C2C54ED,0.3.1
0xb926f1567943992a1cf6868930d0a0bdc896fdcb,0.3.1
0x13FC868d6571b8A9371e70c4E404342Deec0F2AC,0.3.1
0x44c7a35Ecb0Cf37A3d6FB38b4085D9328658E01d,0.3.1
0x3ce751da4a5a6fbf25a5ec19affb0b03828696e4,0.3.1
0x8B701e9B3a1887fE9b0C7936a8233b39408e69f6,0.3.1
0x72dE985C5aF6F96f3be22784b5533218421E6394,0.3.1
0x17bde8ebf1e9fda85b9bd1a104266b394e9db33e,0.3.1
0x702c1b8ec3a77009d5898e18da8f8959b6df2093,0.3.1
0x7b2025bf8c5ee8baad9da8c3e3ee45e96ed8b8ea,0.3.1
0x8f2db8fbefc24389f09587085d73f80dafc9700a,0.3.1
0xb79b4fcf7cb4a1c4064ff5b48f71a331880ab53a,0.3.1
0x2683190e31e8ce47467c98ff1dbc018acdd43c2f,0.3.1
0x3dc88ee38db8c7b6dceb447e4348e51bd87ced93,0.3.1
0x13Ba45c2B686c6db7C2E28BD3a9E8EDd24B894eD,0.3.1
0xc64F8A9fe7BabecA66D3997C9d15558BF4817bE3,0.3.1
0xe5F96070CA00cd54795416B1a4b4c2403231c548,0.3.1
0x44A41fE82c9539C1aadaBEE5B9C3f327eba5C8a3,0.3.1
0x070a5c8a99002f50c18b52b90e938bc477611b16,0.3.1
0x5F75A0239a15C2f93833AEB70028AE4e6eb7879a,0.3.1
0x30849bCd1a44aFFD59371dd44A3296AD8daC91aC,0.3.1
0x9336DA074c4f585a8B59A8C2B77a32b630cde5A1,0.3.1
0x99851dfEbc72D1Ff83E3f97d003FCdd8D49EdEF5,0.3.1
0x69522fb5337663d3B4dFB0030b881c1A750Adb4f,0.3.1
0x4bA4Afa8071b0a9FE3097700cdadE02DD0e16fd0,0.3.1
0x3669C421b77340B2979d1A00a792CC2ee0FcE737,0.3.1
0xD5f891201093A076b0A35696c72A1629a4404CE5,0.3.1
0xa202acfae9a2d7ffbfc97a3cc096b6cd8c3567fd,0.3.1
0x373f19c102FF6709986bD06a8B294586472F694C,0.3.1
0x2e158e00cecfb08949b63b4abb756bd4d79463ba,0.3.1
0x55B916Ce078eA594c10a874ba67eCc3d62e29822,0.3.1
0x37141f20895281d04f2a5b57dbaff4855daf9971,0.3.1
0x752eBeb79963cf0732E9c0fec72a49FD1DEfAEAC,0.3.1
0x07ec288bd63625373c37edd9f5872e66eebfd35c,0.3.1
0x2ce354a659F795cBD30F9247924500f13815da15,0.3.1
0xeef6288057f3f258bfc540d91462653dca3b2aac,0.3.1
0x12dc10f72a64ce07d2b3d41420f2276f8c560919,0.3.1
0xaf23adb205169a5df1db7321bf1a8d7dea2f8abd,0.3.1
0x78b6dd0cD4697f9a62851323BeA8a3b3Bf213241,0.3.1
0xFa2685964983c6F5B310B3341f8264215c9C4b61,0.3.1
0xe53851c18e01ca5f8537246f37fb7de048619892,0.3.1
0x193aa48700744879dEbA4CD5D44604466906CFf8,0.3.1
0x3A283D9c08E8b55966afb64C515f5143cf907611,0.3.1
0x2618e94a7f6118aced2e51e0a05da43d2e2ed40c,0.3.1
0x90c0D53f6D74Aa88243C53052BdAD7e7B1623AF3,0.3.1
0xe3c8a4de3b8a484ff890a38d6d7b5d278d697fb7,0.3.1
0x02454e9dd8D8d49d4A20Df27F5E1c3a51b4c1C27,0.3.1
0xFa1cdC5ce76d6843539434596E8b8919655C9014,0.3.1
0x4329c8F09725c0e3b6884C1daB1771bcE17934F9,0.3.1
0xD00fDB7D5Ca2728aEb92dbc360fE322C4b096371,0.3.1
0x2932a86df44Fe8D2A706d8e9c5d51c24883423F5,0.3.1
0x1005f7406f32a61bd760cfa14accd2737913d546,0.3.1
0x9f330db38caaae5b61b410e2f0aad63fff2109d8,0.3.1
0x9e7f8D6e87ec1c783d01fcC90EBf6Ec766B0036c,0.3.1
0xCED78da2c749236309774d7415236B7090B3bF27,0.3.1
0x696B5D296a8AeF7482B726FCf0616E32fe72A53d,0.3.1
0xc768edf2d21fe00ef5804a7caa775e877e65a70e,0.3.1
0x5dB3A1766C4489AD346cb903EDaCE591D4c3d5d8,0.3.1
0xB576491F1E6e5E62f1d8F26062Ee822B40B0E0d4,0.3.1
0x19a5ec09ee74f64573ac53f48a48616ce943c047,0.3.1
0xf54D5E38F6F1370BC073ea832526B1D63317a32e,0.3.1
0x4e0915C88bC70750D68C481540F081fEFaF22273,0.3.1
0x3D8faCB2b65B8CEB682ADE00E016c672Ee6262c0,0.3.1
0x820e921a8b3961166199a352592b8d33fe861e9b,0.3.1
0xAdCFcf9894335dC340f6Cd182aFA45999F45Fc44,0.3.1
0x07bd489db9011edece1be211a4ce681e5b1cc076,0.3.1
0x8484673cA7BfF40F82B041916881aeA15ee84834,0.3.1
0xc5FA220347375ac4f91f9E4A4AAb362F22801504,0.3.1
0x8e764bE4288B842791989DB5b8ec067279829809,0.3.1
0x34883134a39b206a451c2d3b0e7cac44be4d9181,0.3.1
0xceda55279fe22d256c4e6a6F2174C1588e94B2BB,0.3.1
0x3B35a3f9163CF5733837c5B51B1dF493C340F8E3,0.3.1
0xB2Ac3382dA625eb41Fc803b57743f941a484e2a6,0.3.1
0x93f113a68f84490236366e3ba3f4f77a929fde84,0.3.1
0xC128a9954e6c874eA3d62ce62B468bA073093F25,0.3.1
0xC128468b7Ce63eA702C1f104D55A2566b13D3ABD,0.3.1
0x104F44551386d603217450822443456229F73aE4,0.3.1
0x6EC5DD7D8E396973588f0dEFD79dCA04F844d57C,0.3.1
0x714E3BcddBdC2045Bd3BE35c8642885470b25b11,0.3.1
0x8576Bc5409dc69a16144Dd95D5DFB402a128909A,0.3.1
0x19854C9A5fFa8116f48f984bDF946fB9CEa9B5f7,0.3.1
0xE73B8a36093850Fc2d7029d678CEe8ec482a79B3,0.3.1
0x0c1E2159C8D13876F5bc4CD9C7256b197d3c59f1,0.3.1
0x7111a302b929D14a323B489F234ef912903BF374,0.3.1
0x86F6c353A0965eB069cD7f4f91C1aFEf8C725551,0.3.1
0x0cb9cc35cEFa5622E8d25aF36dD56DE142eF6415,0.3.1
0x18E074524E849cBfcBe9c49D866120d3E524793c,0.3.1
0x2e96068b3d5b5bae3d7515da4a1d2e52d08a2647,0.3.1
0x12F407340697Ae0b177546E535b91A5be021fBF9,0.3.1
0xc2817D3A71Ea0A958c66359a222a76bc9E44C6f6,0.3.1
0xa338FF0C914F70F485A32B761000Eb10eDE78bb8,0.3.1
0xa8A9699161f266f7E79080ca0b65210820BE8732,0.3.1
0x5a8fdC979ba9b6179916404414F7BA4D8B77C8A1,0.3.1
0x98c371567b8A196518dcb4A4383387A2C7339382,0.3.1
0x4e079dCA26A4fE2586928c1319b20b1bf9f9be72,0.3.1
0x9038403C3F7C6B5Ca361C82448DAa48780D7C8Bd,0.3.1
0xC4763c35569f7ce0cE42B30EDebFc5bC80EB96b4,0.3.1
0xA0DAbEBAAd1b243BBb243f933013d560819eB66f,0.3.1
0x8913EAb16a302dE3E498BbA39940e7A55c0B9325,0.3.1
0x4fF64E74b276e287208edea1C2756003a75D6eBE,0.3.1
0x3bd4130B83de1215dF8611e2FBbe17187C823aa0,0.3.1
0xAd4dBd3be46f7BDaB82702b581b1d4C5f584741a,0.3.1
0x004a476b5b76738e34c86c7144554b9d34402f13,0.3.1
0x286f0b0765176c5e31d6ec0c2a18627614b5f0b1,0.3.1
0x72953a5C32413614d24C29c84a66AE4B59581Bbf,0.3.1
0x271fbE8aB7f1fB262f81C77Ea5303F03DA9d3d6A,0.3.1
0xab47EDfc33BA5D5Bc19fC7D2Bcd093F99530BB3d,0.3.1
0x3b8cA519122CdD8efb272b0D3085453404B25bD0,0.3.1
0x6D787113F23bED1D5e1530402B3f364D0A6e5Af3,0.3.1
0x442BC791338d137d4cc2496DeA78C8292F17C48F,0.3.1
0xE10CC35487b4770adf9aeFb1D9f8F3a2Eaae562A,0.3.1
0xCFc25170633581Bf896CB6CDeE170e3E3Aa59503,0.3.1
0xEbA9A8fdd2539d33e070c66Afc1127478bA78054,0.3.1
0xdBB1AAeb04F3B5e2587E4bB849717E9ebD0c8acC,0.3.1
0xa84b663837d94ec41b0f99903f37e1d69af9ed3e,0.3.1
0x4B4c1142f599cb8DBA4Fd75c1Ad7294cbE68B93C,0.3.1
0x358fE82370a1B9aDaE2E3ad69D6cF9e503c96018,0.3.1
0xdb2b9398e90d1009bfd2c7f4adb84b3df68b7d77,0.3.1
0x008CFa89df5B0c780cA3462fc2602D7F8c7Ac315,0.3.1
