0x61e10659fe3aa93d036d099405224e4ac24996d0,0.2.15
0xd9acb0baeed77c99305017821167674cc7e82f7a,0.2.15
0xe6358f6a45b502477e83cc1cda759f540e4459ee,0.2.15
0xad4768f408dd170e62e074188d81a29ae31b8fd8,0.2.15
0x3cabd83bca606768939b843f91df8f4963dbc079,0.2.15
0xd1602f68cc7c4c7b59d686243ea35a9c73b0c6a2,0.2.15
0x5d58Eb45e97B43e471AF05cD2b11CeB4106E1b1a,0.2.15
0x7ee25a34c921e4009b726cc6be0643fd6a39dbfe,0.2.15
0xabe216918ffda43b44e3fc09639fd82fd3527d89,0.2.15
0x775a21e0dfe25af30ff2fcac37512ebd8fd36471,0.2.15
0xb11dc44a9f981faf1669dca6dd40c3cc2554a2ce,0.2.15
0x9d7c28226aa7142cbf234ab9aa9c203d095c528b,0.2.15
0xbeD8EFa1973F6E1fB3515bf94aa760174431b3F8,0.2.15
0x788ac705a7b67562cdd1913b67ee091785fa4f68,0.2.15
0x0d9459a2d7252c4cd62cf13416cd319c3e0c5bb4,0.2.15
0xfa0f5d0ca1031ac6a47ca8db9cf9dcfd45b3659a,0.2.15
0x3d9c47b967c717d11e6e19e61d8419b92c794223,0.2.15
0x1a61a72f5cf5e857f15ee502210b81f8b3a66263,0.2.15
0x6c63287CC629417E96b77DD7184748Bb6536A4e2,0.2.15
0x198618d2aa6cBC89Ea24550fE896D4afa28CD635,0.2.15
0xcabc8fC306fCAa4c05B58522B13756AE12eDd902,0.2.15
0x7100CBCa885905F922a19006cF7fD5d0E1bBb26c,0.2.15
0x939986418baFb4E2d82A76E320767Ff02d250203,0.2.15
0x58e57cA18B7A47112b877E31929798Cd3D703b0f,0.2.15
0x3a1659Ddcf2339Be3aeA159cA010979FB49155FF,0.2.15
0x4643A6600eae4851677A1f16d5e40Ef868c71717,0.2.15
0xda8a6f376f056f0b10980ef0756bd642bc3ecab0,0.2.15
0x299237c947CE36aAC8f1226bEA4d050785e68fB5,0.2.16
0xe339eA095F070d5ACbfA1bA43152072Ecd510677,0.2.16
0x5a8e08b5a7ba633d262582fc9a6b6bce75ce6d0c,0.2.16
0xcF897d9C8F9174F08f30084220683948B105D1B1,0.2.16
0xcc2a1dbc6b84d5b49ce1ddf56ef4d6da276fcecb,0.2.16
0x3a664ab939fd8482048609f652f9a0b0677337b9,0.2.16
0x8038C01A0390a8c547446a0b2c18fc9aEFEcc10c,0.2.16
0x0fa949783947bf6c1b171db13aeacbb488845b3f,0.2.16
0xa218eD442715Fc42ac96a6323B47538684a36e4B,0.2.16
0x001E3BA199B4FF4B5B6e97aCD96daFC0E2e4156e,0.2.16
0x78D51EB71a62c081550EfcC0a9F9Ea94B2Ef081c,0.2.16
0x20C14c04EA3501D2E2497fB60811477f53c99C61,0.2.16
0xb93427b83573c8f27a08a909045c3e809610411a,0.2.16
0xb61915609e6dc7a7261b678073c53bac5875a8b4,0.2.16
0x0b1fb299e8BA940c70E64b1Dfc78A542Dc55b500,0.2.16
0x45936d2c0eb0b3656adeb96b3150caf2b661ef16,0.2.16
0x7ac4c2a36fe7544e70917e0bcc8ad998a58ac98c,0.2.16
0x210C806F6AE850279f7E298dE749EC4B427d00DD,0.2.16
0xf82162bB68aD5a168345bb7EFb2faA0EDCCA5177,0.2.16
0x247aeb220e87f24c40c9f86b65d6bd5d3c987b55,0.2.16
0xcf118f288e4ef2127492f54a294dcaf32e456f0d,0.2.16
0xb456d55463a84c7a602593d55db5a808bf46aac9,0.2.16
0x385Fc24418e38d62d502C8D3c10CF097c6a5659d,0.2.16
0x16265aa621ecf0b3a6bb6c10ae2f87e43f4ac23e,0.2.16
0x625b7665977942eBb56631658459825af919c1Af,0.2.16
0x37f22a0b028f2152e6cacef210e0c4d3b875f367,0.2.16
0x6842E0412AC1c00464dc48961330156a07268d14,0.2.16
0xCDC481031E23AEd8CbBe6e07A638298a790D445a,0.2.16
0x9fAe78C4bBB649deB7b2295dDB8A03adA7eB660F,0.2.16
0xfCE359115dFe1533a2458650123F86C454BC0213,0.2.16
0x9fff118bfc4f3d1bde3dec2e7f40bf2823c95c16,0.2.16
0x09C62ad0694e3f1ad8cF8876aaBe56138C586f5F,0.2.16
0xC9438d8928486bD9621D326002F4672bF684187A,0.2.16
0x2b70A5B878665FfDB4A06Ba40a264d6c70f68F4B,0.2.16
0x4fc8d635c3cb1d0aa123859e2b2587d0ff2707b1,0.2.16
0x686d67265703D1f124c45E33d47d794c566889Ba,0.2.16
0x55858adabb9ea24ddd0678db0e9b41d8bd48e7ee,0.2.16
0x4615977309fcb119ac538c413155536203e4ac68,0.2.4
0x27C9feA200BA19Fd75dd6c5714AA280F9D8089C2,0.2.4
0x64ed8CfF5Ad3DaEb217abE03a00Ff2D90b86456b,0.2.4
0x7736C61F00c72e868AA9904c9063e8445A1eF5DD,0.2.4
0x1e7b1bd0490dde12f6e3d09766beb05552afe27a,0.2.4
0xe50c544189a9528204ca39b987b722e724e25834,0.2.4
0x24a68d9Af61151A96fE2ABc321e732Bd727a798d,0.2.4
0xD340Fa320721452322eF322791f7707ce9BB60c9,0.2.4
0x0000000022d53366457f9d5e68ec105046fc4383,0.2.7
0x09bb4d55df77492f4c6fb213c874e0ac6f6a2ae5,0.2.7
0x71ce65409f12376203cc9675b37a8cb95b997e67,0.2.7
0x8cC6e2144906e81F496429A1590Ef5f86bb7558f,0.2.7
0x011f33ee6ccbe8ef2bcff8cb04df080586475828,0.2.7
0x6c9033b1e3e2477143533cf6242ca9886a3dc132,0.2.7
0xc74b17a290d2210db062ccc6626a90c78606d192,0.2.7
0xBA4284DF6566D967b80F71f9aF544D104491b2d3,0.2.7
0x3ae658656d1c526144db371faef2fff7170654ee,0.2.7
0x27e611fd27b276acbd5ffd632e5eaebec9761e40,0.2.7
0x49d8950f443126ff669af851d47f1368f155df60,0.2.7
0x095010A79B28c99B2906A8dc217FC33AEfb7Db93,0.2.7
0xe49e0601b83590e0b323dc2fc87bb568d7cd5eb9,0.2.7
0x53A6524C6D63E8eE839EEE09CBA940c431159f73,0.2.7
0x55251492b21BA129c0b6B3f8B864E021fA2E87cB,0.2.7
0x64e10feb3dcd39012f22b9d7963c0331cc7ddcc3,0.2.7
0x9E29A181e06D044b6b0E34FC8444F07542010350,0.2.7
0x322a41bd5c2b2a78ff6308dd8569979313d3afeb,0.2.7
0x21c8b25ac1adf0b3163c868fb94e1f44586bc4b5,0.2.7
0x816e21c33fa5f8440ebcdf6e01d39314541bea72,0.2.7
0xb608c7aba0296124bbe9e4ace6c7339d618625f2,0.2.7
0x88A83f1489A24b10f8e961348087DC76aD72C5E3,0.2.7
0x330c43d22bd65a60ffea93a197f04e87faa27b70,0.2.7
0x958ed8d4be3b6eda845c7e40c1147591a753ef64,0.2.7
0xf14f3bd905049773f4cfabc1cd233810ae0a7edb,0.2.7
0x22d38dbccdaeacaf23609795803c2fe2411d519f,0.2.7
0x4559cdab055229aa1ed4f97304e7d49c438c4b1d,0.2.7
0x3D29859B742427065B459DD1c6e7E29B0343425a,0.2.7
0x7becf7977e7107c6d5b1c8856842619f17e594f8,0.2.7
0xb4716764390e8f3caf04d7b1dca7302df8a4260f,0.2.7
0xcfdd0ef737878442a4436d093361497c89324f40,0.2.7
0x8efa8943951af23ced39abd2850522cd8590b1b9,0.2.7
0x09e9eb4847460cbb3dbee4b8e97d32e7fe5bf852,0.2.7
0x95d15dc470A27a33a39D2F6E952146348dF2b347,0.2.8
0x36e7af39b921235c4b01508be38f27a535851a5c,0.2.8
0x4a7bdfd6C35Af30CAd3c850682a0B05e2ba6d0C1,0.2.8
0x4172c2fa74319661Bfd338415f14c064795CFE1d,0.2.8
0x8756c27a2efb827e8bf03decc6f6c83ee7e9df30,0.2.8
0x3fe68cb7dd625bc325c1bd62676e487d424ec3d8,0.2.8
0x5500e8ed36089140c436aaab8d14a486596da3b8,0.2.8
0x8761C198D28963Bd539911c17B50BBEB15F8BB95,0.2.8
0x1006de93a5ad44182b6dcea2d9671bc1212c2824,0.2.8
0xc75c58F555c51b35D115D8D102486E2063D60E36,0.2.8
0x4fb93D7d320E8A263F22f62C2059dFC2A8bCbC4c,0.3.0
0x337e9d5A2DeE10Fdd30E67236667E1dE5b0c085F,0.3.0
0xFa18A0385610b560f3041C40E23fB319e24658f1,0.3.0
0xDE5331AC4B3630f94853Ff322B66407e0D6331E8,0.3.0
0xAF8E832C507BbcB6debF4177F4378461C552639A,0.3.0
0x11137b10c210b579405c21a07489e28f3c040ab1,0.3.0
0x423f26eb44d4be89072eecfc81b95065ce43bf4b,0.3.0
0x349C937032f4F14845f11902494b68E3b05cDc33,0.3.0
0x7CDE88e96E9445D986537074B1bFD32c5623c71f,0.3.0
0x1751DdF784C706365b6cE26B90Be43361a1d2545,0.3.0
0x2B039565B2b7a1A9192D4847fbd33B25b836B950,0.3.0
0xFB12BBF03Aa628C846C8AF61391fb35f0b7Db0e6,0.3.0
0x0a31527a8dE2Ee97BBD8cCE14Db8E8826a0b6C4f,0.3.0
0x993Ff6dD3851AB11af751277E419c2aa2697A288,0.3.0
0xF900382dE0d764D5B2d74c37fC95a712450F4f92,0.3.0
0xffbACcE0CC7C19d46132f1258FC16CF6871D153c,0.3.0
0x74E25054e98fd3FCd4bbB13A962B43E49098586f,0.3.0
0xb7de33440b7171159a9718cbe748086cecdd9685,0.3.0
