"0x0cef979dfe58c5cc82631cba96b6c8a2929f50e2","0.2.16"
"0xb61915609e6Dc7A7261b678073c53BaC5875a8B4","0.2.16"
"0xB93427b83573C8F27a08A909045c3e809610411a","0.2.16"
"0xd19baeadc667cf2015e395f2b08668ef120f41f5","0.2.16"
"0xb11cf21feb3f4e1ee294fbbb654b1868236eeafc","0.2.7"
"0x5a6dbe2c3746ab927c214d751cbb36f1512f6100","0.3.1"
"0xabC000d88f23Bb45525E447528DBF656A9D55bf5","0.3.1"
"0x9336da074c4f585a8b59a8c2b77a32b630cde5a1","0.3.1"
"0x45fFd460cC6642B8D8Fb12373DFd77Ceb0f4932B","0.3.1"
"0x230a59F4d9ADc147480f03B0D3fFfeCd56c3289a","0.3.1"
"0x6f8eef407b974dff82c53ff939cc1ebb699383fb","0.3.1"
"0x04e39EF8332e979Cf8e4f8891E64934FF65F231b","0.3.1"
"0xc9438d8928486bd9621d326002f4672bf684187a","0.3.1"
"0x5633e00994896d0f472926050ecb32e38bef3e65","0.3.1"
"0xEfadDdE5B43917CcC738AdE6962295A0B343f7CE","0.3.1"
"0x69522fb5337663d3B4dFB0030b881c1A750Adb4f","0.3.1"