0x4244eB811D6e0Ef302326675207A95113dB4E1F8,0.2.16
0x0000000022D53366457F9d5E68Ec105046FC4383,0.2.7
0x97E2768e8E73511cA874545DC5Ff8067eB19B787,0.2.7
0x3eF6A01A0f81D6046290f3e2A8c5b843e738E604,0.3.0
0xb7de33440b7171159a9718cbe748086cecdd9685,0.3.0
0xD19Baeadc667Cf2015e395f2B08668Ef120f41F5,0.3.1
0x04e39EF8332e979Cf8e4f8891E64934FF65F231b,0.3.1
0xC9438d8928486bD9621D326002F4672bF684187A,0.3.1
0x2b70A5B878665FfDB4A06Ba40a264d6c70f68F4B,0.3.1
0x2D036f0Ff6F440dB623e0D9D3B5Daa509e5500C3,0.3.1
0x7Bb707085905c9D80854652809A1ba8480C11789,0.3.1
0xec9cEBE650E181079576C1b6d0d2e092B1EdfF13,0.3.1
0xe8269B33E47761f552E1a3070119560d5fa8bBD6,0.3.1
0x114C4042B11a2b16F58Fe1BFe847589a122F678a,0.3.1
0x9336DA074c4f585a8B59A8C2B77a32b630cde5A1,0.3.1
0xabC000d88f23Bb45525E447528DBF656A9D55bf5,0.3.1
0xace58a26b8Db90498eF0330fDC9C2655db0C45E2,0.3.1
0x3E01dD8a5E1fb3481F0F589056b428Fc308AF0Fb,0.3.1
0x6842E0412AC1c00464dc48961330156a07268d14,0.3.1
0x9fAe78C4bBB649deB7b2295dDB8A03adA7eB660F,0.3.1
0x6600e98b71dabfD4A8Cac03b302B0189Adb86Afb,0.3.1
0xEfadDdE5B43917CcC738AdE6962295A0B343f7CE,0.3.1
0xfCE359115dFe1533a2458650123F86C454BC0213,0.3.1
0x69522fb5337663d3B4dFB0030b881c1A750Adb4f,0.3.1
0x09C62ad0694e3f1ad8cF8876aaBe56138C586f5F,0.3.1
