0xd7f3bf2085ad32ff95e1bcc408d37f10f6949270,0.2.15
0x1dB11Cf7C332E797ac912e11b8762e0A4b24a836,0.2.15
0xec378cdd60E890332F7A8CC251315327a4f244B6,0.2.15
0x1747d329cb37e0a0f387f24065addbc60eab69dd,0.2.15
0x1f8e8472e124f58b7f0d2598eae3f4f482780b09,0.2.15
0xac8204a9d79ca87d192ea98a9381600642a66a5f,0.2.15
0x3ffd03ef31f6d5a6c517cefa9cdf43efebee8399,0.2.15
0xba57440fa35fdb671e58f6f56c1a4447ab1f6c2b,0.2.15
0x4adf575dbe0e6f1c5909ae9c7119927b4faabbbd,0.2.15
0x3a4148dddd121fbced8717cb7b82370be27f76bf,0.2.15
0xb4bafc3d60662de362c0cb0f5e2de76603ea77d7,0.2.15
0xa9f89108bb45c2805eea20021fe2205ce662fd02,0.2.15
0xbE7CA18470B4AB61741bC2dcad50B1D4052b6b04,0.2.15
0x6333000289bc27A090b3D51E734C2f13e3edc4fd,0.2.15
0x274E94f03AC51779D14bD45aF77C0e0e9d97cef9,0.2.15
0x2db0E83599a91b508Ac268a6197b8B14F5e72840,0.2.16
0xe03311D30bdeb60511BAe8de135C6524B9576B2e,0.2.16
0x336649aeb266f3182d63f4fad7b3cf0dba15f4c8,0.2.16
0xb93427b83573c8f27a08a909045c3e809610411a,0.2.16
0xb61915609e6dc7a7261b678073c53bac5875a8b4,0.2.16
0x4244eB811D6e0Ef302326675207A95113dB4E1F8,0.2.16
0xEfDE221f306152971D8e9f181bFe998447975810,0.2.16
0x090e67692bcc150e3144bf16636d6694bc42e54f,0.2.16
0xd46db083de31c64af3f680f139a31ff37bac004f,0.2.16
0x330c43d22bd65a60ffea93a197f04e87faa27b70,0.2.16
0x1a182dbd3044da924f2ae3bc5eaab7681bb1c3c3,0.2.16
0xaf9707C1c3b513D36002F8d87BdbD10c8414B847,0.2.16
0xd158CCfabef917ae2f01E454D07E1F2055e44c79,0.2.4
0x0000000022D53366457F9d5E68Ec105046FC4383,0.2.7
0x54e8A25d0Ac0E4945b697C80b8372445FEA17A62,0.2.7
0xbF7E49483881C76487b0989CD7d9A8239B20CA41,0.3.0
0x0100fBf414071977B19fC38e6fc7c32FE444F5C9,0.3.0
0x7da64233fefb352f8f501b357c018158ed8aa455,0.3.0
0xb7de33440b7171159a9718cbe748086cecdd9685,0.3.0
0xe35a879e5efb4f1bb7f70dcf3250f2e19f096bd8,0.3.0
0x3c0a405e914337139992625d5100ea141a9c4d11,0.3.0
0x1337bedc9d22ecbe766df105c9623922a27963ec,0.3.1
0xC5cfaDA84E902aD92DD40194f0883ad49639b023,0.3.1
0xabC000d88f23Bb45525E447528DBF656A9D55bf5,0.3.1
0x13FC868d6571b8A9371e70c4E404342Deec0F2AC,0.3.1
0x44c7a35Ecb0Cf37A3d6FB38b4085D9328658E01d,0.3.1
0xc2b1df84112619d190193e48148000e3990bf627,0.3.1
0x16a7DA911A4DD1d83F3fF066fE28F3C792C50d90,0.3.1
0x4f3e8f405cf5afc05d68142f3783bdfe13811522,0.3.1
0x0f9cb53Ebe405d49A0bbdBD291A65Ff571bC83e1,0.3.1
0x78d0fc2b9d5ae65512db242e424a9c683f18c243,0.3.1
0x35796dac54f144dfbad1441ec7c32313a7c29f39,0.3.1
0x6600e98b71dabfD4A8Cac03b302B0189Adb86Afb,0.3.1
0x6D65b498cb23deAba52db31c93Da9BFFb340FB8F,0.3.1
0x445FE580eF8d70FF569aB36e80c647af338db351,0.3.1
0xF6bDc2619FFDA72c537Cd9605e0A274Dc48cB1C9,0.3.1
0x1AEf73d49Dedc4b1778d0706583995958Dc862e6,0.3.1
0x8474ddbe98f5aa3179b3b3f5942d724afcdec9f6,0.3.1
0x78CF256256C8089d68Cde634Cf7cDEFb39286470,0.3.1
0xadf698e4d8df08b3e2c79682891636ef00f6e205,0.3.1
0x167e42a1c7ab4be03764a2222aac57f5f6754411,0.3.1
0x8664742f18F94065Ed02F39A56bc55750dcc9e56,0.3.1
0x9fae78c4bbb649deb7b2295ddb8a03ada7eb660f,0.3.1
0xfCE359115dFe1533a2458650123F86C454BC0213,0.3.1
0xC128468b7Ce63eA702C1f104D55A2566b13D3ABD,0.3.1
0x239e55F427D44C3cc793f49bFB507ebe76638a2b,0.3.1
0x0d8ab4cb61bcaa6cd506d10e7c572c418cc0d0d4,0.3.1
0x89287c32c2CAC1C76227F6d300B2DBbab6b75C08,0.3.1
0xe8269B33E47761f552E1a3070119560d5fa8bBD6,0.3.1
0x114c4042b11a2b16f58fe1bfe847589a122f678a,0.3.1
0x883feb1B9862e0c8559D26F53bf19264C5E0839F,0.3.1
0xc1c49622b63b961ce1d352ecb7d8261ab5556695,0.3.1
0x7ebb8399768047af810c3fd965ce21fb2ae4f15f,0.3.1
0x05d4E2Ed7216A204e5FB4e3F5187eCfaa5eF3Ef7,0.3.1
0x9CF512116Fb29eC1dD3798E6eA9A7cd9D18bBeD1,0.3.1
0xB90B9B1F91a01Ea22A182CD84C1E22222e39B415,0.3.1
0x442BC791338d137d4cc2496DeA78C8292F17C48F,0.3.1
0x19a5ec09ee74f64573ac53f48a48616ce943c047,0.3.1
0xbd2d41dbbc5a13b1c883f6c62b14924aeaef4483,0.3.1
0xEfadDdE5B43917CcC738AdE6962295A0B343f7CE,0.3.1
0x69522fb5337663d3B4dFB0030b881c1A750Adb4f,0.3.1
