"0xcc3A9bA96d54dd5c638ba2dC5884E7793b13fAd4","0.2.15"
"0x048A8016EE2623B772ce857011137125B43FcF11","0.2.15"
"0x92577943c7aC4accb35288aB2CC84D75feC330aF","0.2.15"
"0xbece5d20A8a104c54183CC316C8286E3F00ffC71","0.2.15"
"0x3Fa8ebd5d16445b42e0b6A54678718C94eA99aBC","0.2.15"
"0xc4050Ae2b843a842C4FAA86Ea2a37b54d877B805","0.2.15"
"0x08809366fa6b218d1917225d11c17e95044e6477","0.2.15"
"0xAf0B9422eFFB6941B9D79FdE5576Ea2F8AF046E4","0.2.15"
"0x321CDba34da09Cf57C709F75DBb42bA209cFe6Ac","0.2.15"
"0x92215849c439E1f8612b6646060B4E3E5ef822cC","0.2.15"
"0x5109abc063164d49c148a7ae970f631febbda4fa","0.2.15"
"0x571ff5b7b346f706aa48d696a9a4a288e9bb4091","0.2.15"
"0x8925D9d9B4569D737a48499DeF3f67BaA5a144b9","0.2.15"
"0xae00f57663f4c85fc948b13963cd4627daf01061","0.2.15"
"0x8101e6760130be2c8ace79643ab73500571b7162","0.2.15"
"0x493084ca44c779af27a416ac1f71e3823bf21b53","0.2.15"
"0x9b4ed6f8904e976146b3dc0233cd48cf81835240","0.2.15"
"0xa9134fae98f92217f457918505375ae91fdc5e3c","0.2.15"
"0xcc9fd96c26c450dd4580893aff75efd5cb6c12fc","0.2.15"
"0x991b05d5316fa3a2c053f84658b84987cd5c9970","0.2.15"
"0xc7c46488566b9ef9b981b87e328939caa5ca152f","0.2.15"
"0xf31bcdf0b9a5ecd7ab463eb905551fbc32e51856","0.2.15"
"0xac273d5b4fc06625d8b1aba3be8de15bdfb8e39f","0.2.15"
"0x889efce29fa0bb9b26be9fda17a8003f4e8da4de","0.2.15"
"0x5734BB74cFac69f1c34bA66eA6608cCdEe6b81F2","0.2.15"
"0x4adF575DBe0e6F1c5909AE9c7119927b4FaabbBd","0.2.15"
"0xb4BAfc3d60662De362c0cB0f5e2DE76603Ea77D7","0.2.15"
"0xc3CC9369fcB8491DaD4FA64cE1Fbd3DD2d70034f","0.2.15"
"0x6BFD171dDEF7ef775E6C1d6078C10198229DD242","0.2.15"
"0x1dB11Cf7C332E797ac912e11b8762e0A4b24a836","0.2.15"
"0xF191d17dEe9943F06bB784C0492805280AeE0bf9","0.2.15"
"0xC3bae38Bfa2CbBE30f442649070408f484bd5882","0.2.15"
"0x61F95b38f880a6C5A4b7DD15560D7bB8B3E36f35","0.2.15"
"0xd7f3Bf2085AD32ff95E1bCC408d37F10f6949270","0.2.15"
"0x722272d36ef0da72ff51c5a65db7b870e2e8d4ee","0.2.16"
"0x903d3c74843e91074742934ffc53baf066d3358d","0.2.16"
"0x4fb93d7d320e8a263f22f62c2059dfc2a8bcbc4c","0.2.16"
"0x39fE1824f98CD828050D7c51dA443E84121c7cf1","0.2.16"
"0xc05eb760a135d3d0c839f1141423002681157a17","0.2.16"
"0xD8336532f6ED7b94282fAF724fe41d6145E07Cfc","0.2.16"
"0x21F53aFA5F466fe2a4a77a37bB958fC413A3eA37","0.2.16"
"0xc2153134028b67BD7CBB12B7CF27013f856621F9","0.2.16"
"0x6a995568DFBDC6Fd18d9827633277FDE5E6813Cd","0.2.16"
"0xe91f1ad326fd08155d97eb698911cf0843cf80db","0.2.16"
"0x5ab5C56B9db92Ba45a0B46a207286cD83C15C939","0.2.16"
"0xE2e6DC1708337A6e59f227921db08F21e3394723","0.2.16"
"0xD094fCF9D65341770A2458F38b9010c39C813642","0.2.16"
"0xd81635eABf24B384E13c998356d70485963865e4","0.2.16"
"0x9a9841B34329ed67a3972cD046E988Aa492b642B","0.2.16"
"0xb87bf341806dd17cd0bcd603a285a106ace4495f","0.2.16"
"0x1D22413BA546eAf14E210b9a7F7c7d8353e5cE83","0.2.16"
"0x46fa921bad29cd73f3cec056c5589cfc38395f51","0.2.16"
"0x5444ee552B628aE9CFA1ECB4a437F0Af8676F5e7","0.2.16"
"0x68Fac1f6F818AAb9c93a52079859fFf6d11dA8E8","0.2.16"
"0xb7990b6c2d5eb61a1a8ea20a2fd8f99c86d521ba","0.2.16"
"0x5780bb3a9f579dc181b5fe00d8f56224dd9e04a0","0.2.16"
"0x384D4fb21fd9c8Cc77c3448b4303B0C40Ae99a5D","0.2.16"
"0x16Bb396868Cc76D179533A18ED6B11a1ec8bd49a","0.2.16"
"0x82A8429f68837f83d7a9922d259eE61989dB1F1A","0.2.16"
"0xb93427b83573c8f27a08a909045c3e809610411a","0.2.16"
"0xb61915609e6dc7a7261b678073c53bac5875a8b4","0.2.16"
"0xcd04f35105c2e696984c512af3cb37f2b3f354b0","0.2.16"
"0x41438fd2ebcd3ad82c17ddb5c285b712ad5b7a94","0.2.16"
"0xd1f506a2cdc8ca2f24bdfdfa23292293a117b9a3","0.2.16"
"0x3c997f218fcaf2523988063265306a4d0bea9c1d","0.2.16"
"0x022B7D04C02CA860B6Dc3b306Da6c954442cc5ce","0.2.4"
"0xfe7dee750fc24d13811bff69820a62c5583ecd3a","0.2.4"
"0xe03311d30bdeb60511bae8de135c6524b9576b2e","0.2.4"
"0x86D62A8AD19998E315e6242b63eB73F391D4674B","0.2.4"
"0x9d90CFa17f3AFceE2505B3e9D75113e6f5c9E843","0.2.4"
"0x1dF968dfBcBF68F967A215Cd709Da55500b18a6D","0.2.4"
"0xD8E873705cF228f8aa0122848A2ad567FD493e9E","0.2.4"
"0x738BB24915A5F88103485844f5aD87EdEc102283","0.2.4"
"0x0000000022D53366457F9d5E68Ec105046FC4383","0.2.7"
"0x7544Fe3d184b6B55D6B36c3FCA1157eE0Ba30287","0.2.7"
"0xf2644970c66fda251db2453dc1e22fe743479278","0.2.7"
"0x7d2a88d990c22BFC329142D686a5F91895fd3041","0.2.7"
"0x9d55cd684f644f16718c674d3011e0db2e5f31fd","0.2.7"
"0xec26bf7c978fc8fb06b395c4a3e7e91ea5948e8d","0.2.8"
"0xe18bc420a0f71761b0d39a58edb8a13ad02c9a96","0.2.8"
"0xb3ba58f2a13a36de55e883d0f94864f8bc2f1cbd","0.2.8"
"0xf99ad9af0b717bd60551b9d11c69f060cf12030f","0.2.8"
"0x2ad1f8d8500c6b886031a20d65d0592fc1e18b26","0.2.8"
"0xF785563e3517cefa3498e9769F57F0Ce3f84D0Af","0.2.8"
"0xa8f4e4a691b6543c883d3540e5b8f7cfc95d38c9","0.2.8"
"0x047b60ace13bec75d8a393a7ec8e7c6b83ec9017","0.2.8"
"0x6852E7399C6cC73256Ca46A4921e1c7b2682D912","0.2.8"
"0x51da89dF572633d2BaF6a9260d3d5A1f0d146747","0.2.8"
"0x6A88A0abb9bE9f9050Ff87753b84613F4E28361B","0.2.8"
"0x60b157f028a0C760B0A3d65aedaF97A82F09994a","0.2.8"
"0xB446BF7b8D6D4276d0c75eC0e3ee8dD7Fe15783A","0.3.0"
"0x225FB4176f0E20CDb66b4a3DF70CA3063281E855","0.3.0"
"0x600743B1d8A96438bD46836fD34977a00293f6Aa","0.3.0"
"0x5a946da098588511040430c830139DD0bCa00127","0.3.0"
"0x7c5c946380b75a4c55e13881181b15d752ff3da5","0.3.0"
"0x2Fccb6a7e353c15156b951885CFbC1558f2c5272","0.3.0"
"0x43450Feccf936FbA3143e03F35D3Cc608D5fE1d2","0.3.0"
"0x28542e4af3de534ca36daf342febda541c937c5a","0.3.0"
"0xd6930b7f661257da36f93160149b031735237594","0.3.0"
"0x7b7b5f87c7357133c93dba8d61fb397f33c99a6b","0.3.0"
"0x80A650c3Bb5dEAbF4FBa60fEd6cF29fFCCE4D4e4","0.3.0"
"0xdB42bB4267B10Bc58A2A4Ff037c3313d94E48271","0.3.0"
"0x008e1abb5d58dbdfd00b22180ecd0ee490420b9b","0.3.0"
"0x774D1Dba98cfBD1F2Bc3A1F59c494125e07C48F9","0.3.0"
"0x8639995a3d9b968053dfb0a7d5f127f2b81d619e","0.3.0"
"0x47bb542b9de58b970ba50c9dae444ddb4c16751a","0.3.0"
"0x04aAB3e45Aa6De7783D67FCfB21Bccf2401Ca31D","0.3.0"
"0xF52e46bEE287aAef56Fb2F8af961d9f1406cF476","0.3.0"
"0xd9bffc08ac757b408cdd730d5ed6480c612669e0","0.3.0"
"0x9FD31161360B5E772f2b9C469D4A35E679273Dbf","0.3.1"
"0x1467f454d8f883daaaad3721125bf1f04a8f649c","0.3.1"
"0x3A3e575E2D31Ec4D3f4034Ce26d7c8d4D320f7fE","0.3.1"
"0x341A99153373eED9a5B8b19b38FBfD20E04EA2D5","0.3.1"
"0x43FF7b96808988C9d19C1d05Ef19658B03e8a143","0.3.1"
"0xabC000d88f23Bb45525E447528DBF656A9D55bf5","0.3.1"
"0x13FC868d6571b8A9371e70c4E404342Deec0F2AC","0.3.1"
"0x44c7a35Ecb0Cf37A3d6FB38b4085D9328658E01d","0.3.1"
"0x5fa039afc64dabc8b219b6e85749fad3939d8564","0.3.1"
"0xe35A879E5EfB4F1Bb7F70dCF3250f2e19f096bd8","0.3.1"
"0x5bcA7dDF1bcccB2eE8e46c56bfc9d3CDC77262bC","0.3.1"
"0x13DFF1809D1E9ddf9Ac901F47817B7F45220A846","0.3.1"
"0xE5De15A9C9bBedb4F5EC13B131E61245f2983A69","0.3.1"
"0x9b3d675FDbe6a0935E8B7d1941bc6f78253549B7","0.3.1"
"0x3d8eadb739d1ef95dd53d718e4810721837c69c1","0.3.1"
"0x2ca245b757a4ded7e489aabb55766bd561ee6f1d","0.3.1"
"0x9b35fbeb187bae663e44a47b8e69d8eca1ec2730","0.3.1"
"0x779bd00E55b7F809bbC573a86c358a5542d17eD9","0.3.1"
"0x9e33829b128988339D2073a25eA563fCa1Bd3CDd","0.3.1"
"0xb2C7606CF966878e1E14067998883fc58b750A25","0.3.1"
"0x6761F6072dD1364E02D91F2b1A48a61Ece0A2e06","0.3.1"
"0x359bac09192a453cc74884a5819be63b9b56baee","0.3.1"
"0x2E96068b3D5B5BAE3D7515da4A1D2E52d08A2647","0.3.1"
"0x6f5a2eE11E7a772AeB5114A20d0D7c0ff61EB8A0","0.3.1"
"0xa359a38d8e3a92bad512aa5143a62adf2155ca5c","0.3.1"
"0x58aC10FC5086d0f305e240A012F0211122ed7257","0.3.1"
"0x60AbAD23701a6a903918A41fc0eC611dF6646922","0.3.1"
"0x32110d233d421dc0BF53735A0bC1a3c4A122B63c","0.3.1"
"0xCde1969B6fFAeC5a63259E12F01737C93201a643","0.3.1"
"0x5a8fdd15edbbe6a53722f536b7c7c9209d0aa2c9","0.3.1"
"0x7ebb8399768047af810c3fd965ce21fb2ae4f15f","0.3.1"
"0xd33369f0a3229dd230fd82876a5dca836a84c72a","0.3.1"
"0xa522deb6F17853F3a97a65d0972a50bDC3B1AFFF","0.3.1"
"0xad3b882aa04eFeA50DB0f2a9B585bfbe81B60873","0.3.1"
"0xA51C5649da70D2d9F4B4091e99161068ceFdFC83","0.3.1"
"0xEfadDdE5B43917CcC738AdE6962295A0B343f7CE","0.3.1"
"0x69522fb5337663d3B4dFB0030b881c1A750Adb4f","0.3.1"